Meta	SetupLdrOffset1	58368
Meta	ExpectedVersion	5507
Meta	ChunkMarker	zlb
Path	LocationEntry	FirstSlice	LastSlice	StartOffset	ChunkSuboffset	OriginalSize	ChunkCompressedSize	Flags
{app}\readme.rtf	0	0	0	0	0	46823	137577599	00000082
{app}\modders resource shuttle - readme.txt	1	0	0	0	46823	1698	137577599	00000082
{app}\streamvoice\303\zezkaiel\303zezkaiel106.wav	2	0	0	0	48521	222915	137577599	00000082
{app}\streamvoice\232\hk50\232hk50006.wav	3	0	0	0	271436	19498	137577599	00000082
{app}\streamvoice\298\hk50cut\298hk50cut090.wav	4	0	0	0	290934	210710	137577599	00000082
{app}\streamvoice\298\hk50cut\298hk50cut089.wav	5	0	0	0	501644	92845	137577599	00000082
{app}\streamvoice\301\attwarn2\301attwarn2039.wav	6	0	0	0	594489	72784	137577599	00000082
{app}\streamvoice\301\attwarn2\301attwarn2038.wav	7	0	0	0	667273	68186	137577599	00000082
{app}\streamvoice\351\GOTOCUT1\351GOTOCUT1064.wav	8	0	0	0	735459	634496	137577599	00000082
{app}\streamvoice\610\kaevee\610kaevee001.wav	9	0	0	0	1369955	125885	137577599	00000082
{app}\streamvoice\610\kaevee\610kaevee002.wav	10	0	0	0	1495840	256093	137577599	00000082
{app}\streamvoice\610\kaevee\610kaevee003.wav	11	0	0	0	1751933	150299	137577599	00000082
{app}\streamvoice\610\kaevee\610kaevee004.wav	12	0	0	0	1902232	189111	137577599	00000082
{app}\streamvoice\610\kaevee\610kaevee005.wav	13	0	0	0	2091343	149047	137577599	00000082
{app}\streamvoice\610\kaevee\610kaevee006.wav	14	0	0	0	2240390	187859	137577599	00000082
{app}\streamvoice\610\kaevee\610kaevee007.wav	15	0	0	0	2428249	164697	137577599	00000082
{app}\streamvoice\610\kaevee\610kaevee008.wav	16	0	0	0	2592946	113991	137577599	00000082
{app}\streamvoice\610\kaevee\610kaevee009.wav	17	0	0	0	2706937	219159	137577599	00000082
{app}\streamvoice\610\kaevee\610kaevee010.wav	18	0	0	0	2926096	216029	137577599	00000082
{app}\streamvoice\610\kaevee\610kaevee011.wav	19	0	0	0	3142125	231053	137577599	00000082
{app}\streamvoice\610\kaevee\610kaevee012.wav	20	0	0	0	3373178	130267	137577599	00000082
{app}\streamvoice\610\kaevee\610kaevee013.wav	21	0	0	0	3503445	245451	137577599	00000082
{app}\streamvoice\610\kaevee\610kaevee014.wav	22	0	0	0	3748896	121503	137577599	00000082
{app}\streamvoice\610\kaevee\610kaevee015.wav	23	0	0	0	3870399	97089	137577599	00000082
{app}\streamvoice\610\kaevee\610kaevee016.wav	24	0	0	0	3967488	200379	137577599	00000082
{app}\streamvoice\610\kaevee\610kaevee017.wav	25	0	0	0	4167867	160941	137577599	00000082
{app}\streamvoice\610\kaevee\610kaevee018.wav	26	0	0	0	4328808	165949	137577599	00000082
{app}\streamvoice\610\kaevee\610kaevee019.wav	27	0	0	0	4494757	218533	137577599	00000082
{app}\streamvoice\610\kaevee\610kaevee020.wav	28	0	0	0	4713290	140283	137577599	00000082
{app}\streamvoice\610\kaevee\610kaevee021.wav	29	0	0	0	4853573	179095	137577599	00000082
{app}\streamvoice\610\kaevee\610kaevee022.wav	30	0	0	0	5032668	261727	137577599	00000082
{app}\streamvoice\610\kaevee\610kaevee023.wav	31	0	0	0	5294395	234183	137577599	00000082
{app}\streamvoice\610\kaevee\610kaevee024.wav	32	0	0	0	5528578	114617	137577599	00000082
{app}\streamvoice\610\kaevee\610kaevee025.wav	33	0	0	0	5643195	184729	137577599	00000082
{app}\streamvoice\610\kaevee\610kaevee026.wav	34	0	0	0	5827924	349993	137577599	00000082
{app}\streamvoice\610\kaevee\610kaevee027.wav	35	0	0	0	6177917	153429	137577599	00000082
{app}\streamvoice\610\kaevee\610kaevee028.wav	36	0	0	0	6331346	198501	137577599	00000082
{app}\streamvoice\610\kaevee\610kaevee029.wav	37	0	0	0	6529847	174087	137577599	00000082
{app}\streamvoice\610\kaevee\610kaevee030.wav	38	0	0	0	6703934	86447	137577599	00000082
{app}\streamvoice\610\kaevee\610kaevee031.wav	39	0	0	0	6790381	181599	137577599	00000082
{app}\streamvoice\610\kaevee\610kaevee032.wav	40	0	0	0	6971980	144039	137577599	00000082
{app}\streamvoice\610\kaevee\610kaevee033.wav	41	0	0	0	7116019	174087	137577599	00000082
{app}\streamvoice\610\kaevee\610kaevee034.wav	42	0	0	0	7290106	124007	137577599	00000082
{app}\streamvoice\610\kaevee\610kaevee035.wav	43	0	0	0	7414113	112739	137577599	00000082
{app}\streamvoice\610\kaevee\610kaevee036.wav	44	0	0	0	7526852	252337	137577599	00000082
{app}\streamvoice\610\kaevee\610kaevee037.wav	45	0	0	0	7779189	194745	137577599	00000082
{app}\streamvoice\610\kaevee\610kaevee038.wav	46	0	0	0	7973934	134023	137577599	00000082
{app}\streamvoice\610\kaevee\610kaevee039.wav	47	0	0	0	8107957	74553	137577599	00000082
{app}\streamvoice\610\kaevee\610kaevee040.wav	48	0	0	0	8182510	245451	137577599	00000082
{app}\streamvoice\610\kaevee\610kaevee041.wav	49	0	0	0	8427961	30107	137577599	00000082
{app}\streamvoice\610\kaevee\610kaevee042.wav	50	0	0	0	8458068	160941	137577599	00000082
{app}\streamvoice\610\kaevee\610kaevee043.wav	51	0	0	0	8619009	99593	137577599	00000082
{app}\streamvoice\610\kaevee\610kaevee044.wav	52	0	0	0	8718602	157811	137577599	00000082
{app}\streamvoice\610\kaevee\610kaevee045.wav	53	0	0	0	8876413	124633	137577599	00000082
{app}\streamvoice\610\kaevee\610kaevee046.wav	54	0	0	0	9001046	118999	137577599	00000082
{app}\streamvoice\610\kaevee\610kaevee047.wav	55	0	0	0	9120045	252337	137577599	00000082
{app}\streamvoice\610\kaevee\610kaevee048.wav	56	0	0	0	9372382	153429	137577599	00000082
{app}\streamvoice\904\904kreia\904904kreia994,1.mp3	57	0	0	0	9525811	279196	137577599	00000082
{app}\streamvoice\904\904kreia\904904kreia995,1.mp3	58	0	0	0	9805007	41942	137577599	00000082
{app}\streamvoice\904\904kreia\904904kreia996,1.mp3	59	0	0	0	9846949	44446	137577599	00000082
{app}\streamvoice\904\904kreia\904904kreia997,1.mp3	60	0	0	0	9891395	30674	137577599	00000082
{app}\streamvoice\904\904kreia\904904kreia998,1.mp3	61	0	0	0	9922069	54462	137577599	00000082
{app}\streamvoice\904\904kreia\904904kreia999,1.mp3	62	0	0	0	9976531	36934	137577599	00000082
{app}\streamvoice\906\partycages\906partycages000.wav	63	0	0	0	10013465	39497	137577599	00000082
{app}\streamvoice\906\partycages\906partycages001.wav	64	0	0	0	10052962	43253	137577599	00000082
{app}\streamvoice\906\partycages\906partycages002.wav	65	0	0	0	10096215	31985	137577599	00000082
{app}\streamvoice\906\partycages\906partycages003.wav	66	0	0	0	10128200	44505	137577599	00000082
{app}\streamvoice\906\partycages\906partycages004.wav	67	0	0	0	10172705	19465	137577599	00000082
{app}\streamvoice\906\partycages\906partycages005.wav	68	0	0	0	10192170	36993	137577599	00000082
{app}\streamvoice\298\p1dk\298p1dk002.wav	69	0	0	0	10229163	78935	137577599	00000082
{app}\streamvoice\298\p1dk\298p1dk004.wav	70	0	0	0	10308098	77683	137577599	00000082
{app}\streamvoice\298\p1dk\298p1dk007.wav	71	0	0	0	10385781	92081	137577599	00000082
{app}\streamvoice\301\tienn\301tienn006.mp3	72	0	0	0	10477862	174654	137577599	00000082
{app}\streamvoice\301\tienn\301tienn006.mp3	72	0	0	0	10477862	174654	137577599	00000082
{app}\streamvoice\avo\_t3m4sa\avo_t3m4sadl2.wav	73	0	0	0	10652516	85810	137577599	00000082
{app}\streamvoice\avo\_t3m4sa\avo_t3m4sadl3.wav	74	0	0	0	10738326	85810	137577599	00000082
{app}\streamvoice\avo\_t3m4sa\avo_t3m4sadm2.wav	75	0	0	0	10824136	36346	137577599	00000082
{app}\streamvoice\avo\_t3m4sa\avo_t3m4sadm3.wav	76	0	0	0	10860482	36346	137577599	00000082
{app}\streamvoice\avo\_t3m4sa\avo_t3m4sads2.wav	77	0	0	0	10896828	7402	137577599	00000082
{app}\streamvoice\avo\_t3m4sa\avo_t3m4sads3.wav	78	0	0	0	10904230	7402	137577599	00000082
{app}\streamvoice\gbl\kreia\gblkreia001,1.mp3	79	0	0	0	10911632	76998	137577599	00000082
{app}\streamvoice\601\zherron\601zherron051.wav	80	0	0	0	10988630	75805	137577599	00000082
{app}\streammusic\mus_a_visas.mp3	81	0	0	0	11064435	5146122	137577599	00000082
{app}\streammusic\mus_a_arriv.mp3	82	0	0	0	16210557	1759810	137577599	00000082
{app}\modules\201tel,1.mod	83	0	0	0	17970367	1423255	137577599	00000082
{app}\modules\203tel,1.mod	84	0	0	0	19393622	2205564	137577599	00000082
{app}\modules\204tel,1.mod	85	0	0	0	21599186	1162934	137577599	00000082
{app}\modules\205tel,1.mod	86	0	0	0	22762120	234699	137577599	00000082
{app}\modules\208tel,1.mod	87	0	0	0	22996819	1026452	137577599	00000082
{app}\modules\501ond,1.mod	88	0	0	0	24023271	945691	137577599	00000082
{app}\modules\511ond,1.mod	89	0	0	0	24968962	416815	137577599	00000082
{app}\modules\221tel,1.mod	90	0	0	0	25385777	696863	137577599	00000082
{app}\modules\222tel,1.mod	91	0	0	0	26082640	326045	137577599	00000082
{app}\modules\225tel.mod	92	0	0	0	26408685	21891	137577599	00000082
{app}\modules\231tel,1.mod	93	0	0	0	26430576	478932	137577599	00000082
{app}\modules\232tel.mod	94	0	0	0	26909508	852403	137577599	00000082
{app}\modules\233tel,1.mod	95	0	0	0	27761911	216048	137577599	00000082
{app}\modules\306nar,1.mod	96	0	0	0	27977959	1729937	137577599	00000082
{app}\modules\650dan,1.mod	97	0	0	0	29707896	1444408	137577599	00000082
{app}\modules\601dan,1.mod	98	0	0	0	31152304	2338953	137577599	00000082
{app}\modules\220tel.mod	99	0	0	0	33491257	111231	137577599	00000082
{app}\modules\352nar,1.mod	100	0	0	0	33602488	354155	137577599	00000082
{app}\modules\001ebo.mod	101	0	0	0	33956643	1077773	137577599	00000082
{app}\modules\002ebo.mod	102	0	0	0	35034416	268600	137577599	00000082
{app}\modules\005ebo,1.mod	103	0	0	0	35303016	163883	137577599	00000082
{app}\modules\007ebo.mod	104	0	0	0	35466899	99989	137577599	00000082
{app}\modules\101per,1.mod	105	0	0	0	35566888	1882688	137577599	00000082
{app}\modules\101per,2.mod	105	0	0	0	35566888	1882688	137577599	00000082
{app}\modules\101per,3.mod	105	0	0	0	35566888	1882688	137577599	00000082
{app}\modules\101per,4.mod	105	0	0	0	35566888	1882688	137577599	00000082
{app}\modules\101per,5.mod	105	0	0	0	35566888	1882688	137577599	00000082
{app}\modules\101per,6.mod	106	0	0	0	37449576	1886539	137577599	00000082
{app}\modules\102per,1.mod	107	0	0	0	39336115	876433	137577599	00000082
{app}\modules\104per,1.mod	108	0	0	0	40212548	155398	137577599	00000082
{app}\modules\105per.mod	109	0	0	0	40367946	1239318	137577599	00000082
{app}\modules\106per,1.mod	110	0	0	0	41607264	683644	137577599	00000082
{app}\modules\107per.mod	111	0	0	0	42290908	122223	137577599	00000082
{app}\modules\151har,1.mod	112	0	0	0	42413131	588992	137577599	00000082
{app}\modules\152har,1.mod	113	0	0	0	43002123	634993	137577599	00000082
{app}\modules\153har.mod	114	0	0	0	43637116	311313	137577599	00000082
{app}\modules\154har,1.mod	115	0	0	0	43948429	175702	137577599	00000082
{app}\modules\003ebo,1.mod	116	0	0	0	44124131	3790391	137577599	00000082
{app}\modules\004ebo,1.mod	117	0	0	0	47914522	178830	137577599	00000082
{app}\modules\006ebo,1.mod	118	0	0	0	48093352	363403	137577599	00000082
{app}\modules\202tel,1.mod	119	0	0	0	48456755	1455596	137577599	00000082
{app}\modules\207tel,1.mod	120	0	0	0	49912351	1243487	137577599	00000082
{app}\modules\209tel,1.mod	121	0	0	0	51155838	1237611	137577599	00000082
{app}\modules\261tel,1.mod	122	0	0	0	52393449	228103	137577599	00000082
{app}\modules\262tel,1.mod	123	0	0	0	52621552	3795965	137577599	00000082
{app}\modules\003ebo,2.mod	124	0	0	0	56417517	3790391	137577599	00000082
{app}\modules\004ebo,2.mod	125	0	0	0	60207908	178848	137577599	00000082
{app}\modules\006ebo,2.mod	126	0	0	0	60386756	363403	137577599	00000082
{app}\modules\202tel,2.mod	127	0	0	0	60750159	1455596	137577599	00000082
{app}\modules\207tel,2.mod	128	0	0	0	62205755	1243487	137577599	00000082
{app}\modules\209tel,2.mod	129	0	0	0	63449242	1237611	137577599	00000082
{app}\modules\261tel,2.mod	130	0	0	0	64686853	228103	137577599	00000082
{app}\modules\262tel,2.mod	131	0	0	0	64914956	3795965	137577599	00000082
{app}\modules\003ebo,3.mod	132	0	0	0	68710921	3790391	137577599	00000082
{app}\modules\004ebo,3.mod	133	0	0	0	72501312	178816	137577599	00000082
{app}\modules\006ebo,3.mod	134	0	0	0	72680128	363403	137577599	00000082
{app}\modules\202tel,3.mod	135	0	0	0	73043531	1455596	137577599	00000082
{app}\modules\207tel,3.mod	136	0	0	0	74499127	1243487	137577599	00000082
{app}\modules\209tel,3.mod	137	0	0	0	75742614	1237611	137577599	00000082
{app}\modules\261tel,3.mod	138	0	0	0	76980225	228103	137577599	00000082
{app}\modules\262tel,3.mod	139	0	0	0	77208328	3795965	137577599	00000082
{app}\modules\003ebo,4.mod	140	0	0	0	81004293	3797849	137577599	00000082
{app}\modules\004ebo,4.mod	141	0	0	0	84802142	178820	137577599	00000082
{app}\modules\006ebo,4.mod	142	0	0	0	84980962	363403	137577599	00000082
{app}\modules\202tel,4.mod	143	0	0	0	85344365	1455596	137577599	00000082
{app}\modules\207tel,4.mod	144	0	0	0	86799961	1243487	137577599	00000082
{app}\modules\209tel,4.mod	145	0	0	0	88043448	1237611	137577599	00000082
{app}\modules\261tel,4.mod	146	0	0	0	89281059	227887	137577599	00000082
{app}\modules\262tel,4.mod	147	0	0	0	89508946	3795965	137577599	00000082
{app}\modules\003ebo,5.mod	148	0	0	0	93304911	3790391	137577599	00000082
{app}\modules\004ebo,5.mod	149	0	0	0	97095302	178846	137577599	00000082
{app}\modules\006ebo,5.mod	150	0	0	0	97274148	363403	137577599	00000082
{app}\modules\202tel,5.mod	151	0	0	0	97637551	1455596	137577599	00000082
{app}\modules\207tel,5.mod	152	0	0	0	99093147	1243487	137577599	00000082
{app}\modules\209tel,5.mod	153	0	0	0	100336634	1237611	137577599	00000082
{app}\modules\261tel,5.mod	154	0	0	0	101574245	228103	137577599	00000082
{app}\modules\262tel,5.mod	155	0	0	0	101802348	3795965	137577599	00000082
{app}\streamvoice\gbl\mandalore\gblmandalore260.mp3	156	0	0	0	105598313	87771	137577599	00000082
{app}\modules\003ebo,6.mod	157	0	0	0	105686084	3853307	137577599	00000082
{app}\modules\004ebo,6.mod	158	0	0	0	109539391	178603	137577599	00000082
{app}\modules\006ebo,6.mod	159	0	0	0	109717994	362679	137577599	00000082
{app}\modules\012ebo,1.mod	160	0	0	0	110080673	191703	137577599	00000082
{app}\modules\202tel,6.mod	161	0	0	0	110272376	1492893	137577599	00000082
{app}\modules\207tel,6.mod	162	0	0	0	111765269	1241681	137577599	00000082
{app}\modules\209tel,6.mod	163	0	0	0	113006950	1236155	137577599	00000082
{app}\modules\261tel,6.mod	164	0	0	0	114243105	616136	137577599	00000082
{app}\modules\262tel,6.mod	165	0	0	0	114859241	3795973	137577599	00000082
{app}\modules\301nar,1.mod	166	0	0	0	118655214	4528307	137577599	00000082
{app}\modules\302nar,1.mod	167	0	0	0	123183521	2418452	137577599	00000082
{app}\modules\303nar,1.mod	168	0	0	0	125601973	4285596	137577599	00000082
{app}\modules\304nar,1.mod	169	0	0	0	129887569	1033064	137577599	00000082
{app}\modules\305nar,1.mod	170	0	0	0	130920633	1212979	137577599	00000082
{app}\modules\307nar,1.mod	171	0	0	0	132133612	457089	137577599	00000082
{app}\modules\350nar,1.mod	172	0	0	0	132590701	503377	137577599	00000082
{app}\modules\351nar,1.mod	173	0	0	0	133094078	2402875	137577599	00000082
{app}\dialog,1.tlk	174	0	0	0	135496953	10171056	137577599	00000082
{app}\dialog,2.tlk	175	0	0	0	145668009	10213869	137577599	00000082
{app}\modules\301nar,2.mod	176	0	0	0	155881878	4533784	137577599	00000082
{app}\modules\302nar,2.mod	177	0	0	0	160415662	2421355	137577599	00000082
{app}\modules\303nar,2.mod	178	0	0	0	162837017	4291177	137577599	00000082
{app}\modules\304nar,2.mod	179	0	0	0	167128194	1034732	137577599	00000082
{app}\modules\305nar,2.mod	180	0	0	0	168162926	1213794	137577599	00000082
{app}\modules\307nar,2.mod	181	0	0	0	169376720	456955	137577599	00000082
{app}\modules\351nar,2.mod	182	0	0	0	169833675	2402588	137577599	00000082
{app}\modules\301nar,3.mod	183	0	0	0	172236263	4534088	137577599	00000082
{app}\modules\302nar,3.mod	184	0	0	0	176770351	2421355	137577599	00000082
{app}\modules\303nar,3.mod	185	0	0	0	179191706	4291177	137577599	00000082
{app}\modules\304nar,3.mod	186	0	0	0	183482883	1034732	137577599	00000082
{app}\modules\305nar,3.mod	187	0	0	0	184517615	1216002	137577599	00000082
{app}\modules\307nar,3.mod	188	0	0	0	185733617	456955	137577599	00000082
{app}\modules\351nar,3.mod	189	0	0	0	186190572	2402588	137577599	00000082
{app}\modules\301nar,4.mod	190	0	0	0	188593160	4533892	137577599	00000082
{app}\modules\302nar,4.mod	191	0	0	0	193127052	2421355	137577599	00000082
{app}\modules\303nar,4.mod	192	0	0	0	195548407	4291177	137577599	00000082
{app}\modules\304nar,4.mod	193	0	0	0	199839584	1034732	137577599	00000082
{app}\modules\305nar,4.mod	194	0	0	0	200874316	1213700	137577599	00000082
{app}\modules\307nar,4.mod	195	0	0	0	202088016	456955	137577599	00000082
{app}\modules\351nar,4.mod	196	0	0	0	202544971	2402588	137577599	00000082
{app}\modules\301nar,5.mod	197	0	0	0	204947559	4534046	137577599	00000082
{app}\modules\302nar,5.mod	198	0	0	0	209481605	3418978	137577599	00000082
{app}\modules\303nar,5.mod	199	0	0	0	212900583	4291177	137577599	00000082
{app}\modules\304nar,5.mod	200	0	0	0	217191760	1034732	137577599	00000082
{app}\modules\305nar,5.mod	201	0	0	0	218226492	1215026	137577599	00000082
{app}\modules\307nar,5.mod	202	0	0	0	219441518	456955	137577599	00000082
{app}\modules\351nar,5.mod	203	0	0	0	219898473	2402588	137577599	00000082
{app}\modules\301nar,6.mod	204	0	0	0	222301061	4534128	137577599	00000082
{app}\modules\302nar,6.mod	205	0	0	0	226835189	2528900	137577599	00000082
{app}\modules\303nar,6.mod	206	0	0	0	229364089	4291177	137577599	00000082
{app}\modules\304nar,6.mod	207	0	0	0	233655266	1034732	137577599	00000082
{app}\modules\305nar,6.mod	208	0	0	0	234689998	1216054	137577599	00000082
{app}\modules\307nar,6.mod	209	0	0	0	235906052	456955	137577599	00000082
{app}\modules\351nar,6.mod	210	0	0	0	236363007	2402588	137577599	00000082
{app}\modules\350nar,2.mod	211	0	0	0	238765595	504059	137577599	00000082
{app}\modules\350nar,3.mod	212	0	0	0	239269654	504055	137577599	00000082
{app}\modules\350nar,4.mod	213	0	0	0	239773709	504039	137577599	00000082
{app}\modules\350nar,5.mod	214	0	0	0	240277748	504057	137577599	00000082
{app}\modules\350nar,6.mod	215	0	0	0	240781805	504017	137577599	00000082
{app}\modules\401dxn_dlg,1.erf	216	0	0	0	241285822	305931	137577599	00000082
{app}\modules\401dxn_s.rim	217	0	0	0	241591753	409859	137577599	00000082
{app}\modules\501ond,2.mod	88	0	0	0	24023271	945691	137577599	00000082
{app}\modules\404dxn.mod	218	0	0	0	242001612	311150	137577599	00000082
{app}\modules\403dxn,1.mod	219	0	0	0	242312762	2373074	137577599	00000082
{app}\modules\403dxn,2.mod	220	0	0	0	244685836	2373074	137577599	00000082
{app}\modules\403dxn,3.mod	221	0	0	0	247058910	2373074	137577599	00000082
{app}\modules\403dxn,4.mod	222	0	0	0	249431984	2373074	137577599	00000082
{app}\modules\403dxn,5.mod	223	0	0	0	251805058	2373074	137577599	00000082
{app}\modules\403dxn,6.mod	224	0	0	0	254178132	2369705	137577599	00000082
{app}\modules\410dxn,1.mod	225	0	0	0	256547837	819632	137577599	00000082
{app}\modules\410dxn,2.mod	226	0	0	0	257367469	819632	137577599	00000082
{app}\modules\410dxn,3.mod	227	0	0	0	258187101	819632	137577599	00000082
{app}\modules\410dxn,4.mod	228	0	0	0	259006733	819632	137577599	00000082
{app}\modules\410dxn,5.mod	229	0	0	0	259826365	819632	137577599	00000082
{app}\modules\410dxn,6.mod	230	0	0	0	260645997	818844	137577599	00000082
{app}\modules\411dxn,1.mod	231	0	0	0	261464841	1541093	137577599	00000082
{app}\modules\411dxn,2.mod	232	0	0	0	263005934	1541093	137577599	00000082
{app}\modules\411dxn,3.mod	233	0	0	0	264547027	1541093	137577599	00000082
{app}\modules\411dxn,4.mod	234	0	0	0	266088120	1541093	137577599	00000082
{app}\modules\411dxn,5.mod	235	0	0	0	267629213	1541093	137577599	00000082
{app}\modules\411dxn,6.mod	236	0	0	0	269170306	1539757	137577599	00000082
{app}\modules\402dxn,1.mod	237	0	0	0	270710063	1510058	137577599	00000082
{app}\modules\402dxn,2.mod	238	0	0	0	272220121	1510306	137577599	00000082
{app}\modules\402dxn,3.mod	239	0	0	0	273730427	1510156	137577599	00000082
{app}\modules\402dxn,4.mod	240	0	0	0	275240583	1510258	137577599	00000082
{app}\modules\402dxn,5.mod	241	0	0	0	276750841	1510008	137577599	00000082
{app}\modules\402dxn,6.mod	242	0	0	0	278260849	1506876	137577599	00000082
{app}\modules\003ebo,7.mod	157	0	0	0	105686084	3853307	137577599	00000082
{app}\modules\006ebo,7.mod	159	0	0	0	109717994	362679	137577599	00000082
{app}\modules\202tel,7.mod	161	0	0	0	110272376	1492893	137577599	00000082
{app}\modules\207tel,7.mod	162	0	0	0	111765269	1241681	137577599	00000082
{app}\modules\209tel,7.mod	163	0	0	0	113006950	1236155	137577599	00000082
{app}\modules\261tel,7.mod	164	0	0	0	114243105	616136	137577599	00000082
{app}\modules\262tel,7.mod	165	0	0	0	114859241	3795973	137577599	00000082
{app}\modules\301nar,7.mod	166	0	0	0	118655214	4528307	137577599	00000082
{app}\modules\302nar,7.mod	167	0	0	0	123183521	2418452	137577599	00000082
{app}\modules\303nar,7.mod	168	0	0	0	125601973	4285596	137577599	00000082
{app}\modules\304nar,7.mod	169	0	0	0	129887569	1033064	137577599	00000082
{app}\modules\305nar,7.mod	170	0	0	0	130920633	1212979	137577599	00000082
{app}\modules\307nar,7.mod	171	0	0	0	132133612	457089	137577599	00000082
{app}\modules\350nar,7.mod	172	0	0	0	132590701	503377	137577599	00000082
{app}\modules\351nar,7.mod	173	0	0	0	133094078	2402875	137577599	00000082
{app}\modules\502ond,1.mod	243	0	0	0	279767725	2101513	137577599	00000082
{app}\modules\503ond,1.mod	244	0	0	0	281869238	2295744	137577599	00000082
{app}\modules\504ond,1.mod	245	0	0	0	284164982	1006760	137577599	00000082
{app}\modules\506ond,1.mod	246	0	0	0	285171742	2989687	137577599	00000082
{app}\modules\512ond,1.mod	247	0	0	0	288161429	1018687	137577599	00000082
{app}\modules\502ond,2.mod	248	0	0	0	289180116	2099028	137577599	00000082
{app}\modules\503ond,2.mod	249	0	0	0	291279144	2293346	137577599	00000082
{app}\modules\504ond,2.mod	250	0	0	0	293572490	1005872	137577599	00000082
{app}\modules\506ond,2.mod	251	0	0	0	294578362	2986329	137577599	00000082
{app}\modules\512ond,2.mod	252	0	0	0	297564691	1017666	137577599	00000082
{app}\modules\502ond,3.mod	253	0	0	0	298582357	2101513	137577599	00000082
{app}\modules\503ond,3.mod	254	0	0	0	300683870	2295744	137577599	00000082
{app}\modules\504ond,3.mod	255	0	0	0	302979614	1006760	137577599	00000082
{app}\modules\506ond,3.mod	256	0	0	0	303986374	2989687	137577599	00000082
{app}\modules\512ond,3.mod	257	0	0	0	306976061	1018687	137577599	00000082
{app}\modules\502ond,4.mod	258	0	0	0	307994748	2101513	137577599	00000082
{app}\modules\503ond,4.mod	259	0	0	0	310096261	2295744	137577599	00000082
{app}\modules\504ond,4.mod	260	0	0	0	312392005	1006760	137577599	00000082
{app}\modules\506ond,4.mod	261	0	0	0	313398765	2989687	137577599	00000082
{app}\modules\512ond,4.mod	262	0	0	0	316388452	1018687	137577599	00000082
{app}\modules\502ond,5.mod	263	0	0	0	317407139	2101513	137577599	00000082
{app}\modules\503ond,5.mod	264	0	0	0	319508652	2295744	137577599	00000082
{app}\modules\504ond,5.mod	265	0	0	0	321804396	1006760	137577599	00000082
{app}\modules\506ond,5.mod	266	0	0	0	322811156	2989687	137577599	00000082
{app}\modules\512ond,5.mod	267	0	0	0	325800843	1018687	137577599	00000082
{app}\modules\502ond,6.mod	268	0	0	0	326819530	2101513	137577599	00000082
{app}\modules\503ond,6.mod	269	0	0	0	328921043	2295744	137577599	00000082
{app}\modules\504ond,6.mod	270	0	0	0	331216787	1006760	137577599	00000082
{app}\modules\506ond,6.mod	271	0	0	0	332223547	2989687	137577599	00000082
{app}\modules\512ond,6.mod	272	0	0	0	335213234	1018687	137577599	00000082
{app}\modules\701kor,1.mod	273	0	0	0	336231921	502891	137577599	00000082
{app}\modules\702kor_dlg,1.erf	274	0	0	0	336734812	463205	137577599	00000082
{app}\modules\702kor_s,1.rim	275	0	0	0	337198017	355443	137577599	00000082
{app}\modules\710kor,1.mod	276	0	0	0	337553460	424944	137577599	00000082
{app}\modules\601dan,2.mod	98	0	0	0	31152304	2338953	137577599	00000082
{app}\modules\650dan,2.mod	97	0	0	0	29707896	1444408	137577599	00000082
{app}\modules\853nih.mod	277	0	0	0	337978404	173258	137577599	00000082
{app}\modules\602dan,1.mod	278	0	0	0	338151662	2776475	137577599	00000082
{app}\modules\604dan,1.mod	279	0	0	0	340928137	993035	137577599	00000082
{app}\modules\605dan,1.mod	280	0	0	0	341921172	1421698	137577599	00000082
{app}\modules\610dan,1.mod	281	0	0	0	343342870	1672859	137577599	00000082
{app}\modules\851nih,1.mod	282	0	0	0	345015729	768286	137577599	00000082
{app}\modules\602dan,2.mod	283	0	0	0	345784015	2776475	137577599	00000082
{app}\modules\604dan,2.mod	284	0	0	0	348560490	993035	137577599	00000082
{app}\modules\605dan,2.mod	285	0	0	0	349553525	1422753	137577599	00000082
{app}\modules\610dan,2.mod	286	0	0	0	350976278	1669665	137577599	00000082
{app}\modules\602dan,3.mod	287	0	0	0	352645943	2776451	137577599	00000082
{app}\modules\604dan,3.mod	288	0	0	0	355422394	993035	137577599	00000082
{app}\modules\605dan,3.mod	289	0	0	0	356415429	1421698	137577599	00000082
{app}\modules\610dan,3.mod	290	0	0	0	357837127	1672053	137577599	00000082
{app}\modules\602dan,4.mod	291	0	0	0	359509180	2776543	137577599	00000082
{app}\modules\604dan,4.mod	292	0	0	0	362285723	993035	137577599	00000082
{app}\modules\605dan,4.mod	293	0	0	0	363278758	1421698	137577599	00000082
{app}\modules\610dan,4.mod	294	0	0	0	364700456	1656039	137577599	00000082
{app}\modules\602dan,5.mod	295	0	0	0	366356495	2776503	137577599	00000082
{app}\modules\604dan,5.mod	296	0	0	0	369132998	993035	137577599	00000082
{app}\modules\605dan,5.mod	297	0	0	0	370126033	1421698	137577599	00000082
{app}\modules\610dan,5.mod	298	0	0	0	371547731	1674677	137577599	00000082
{app}\modules\602dan,6.mod	299	0	0	0	373222408	2771750	137577599	00000082
{app}\modules\604dan,6.mod	300	0	0	0	375994158	994233	137577599	00000082
{app}\modules\605dan,6.mod	301	0	0	0	376988391	1420339	137577599	00000082
{app}\modules\610dan,6.mod	302	0	0	0	378408730	1658783	137577599	00000082
{app}\modules\852nih,1.mod	303	0	0	0	380067513	662270	137577599	00000082
{app}\modules\852nih,2.mod	304	0	0	0	380729783	662270	137577599	00000082
{app}\modules\852nih,3.mod	305	0	0	0	381392053	662270	137577599	00000082
{app}\modules\852nih,4.mod	306	0	0	0	382054323	660597	137577599	00000082
{app}\modules\852nih,5.mod	307	0	0	0	382714920	662270	137577599	00000082
{app}\modules\852nih,6.mod	308	0	0	0	383377190	662278	137577599	00000082
{app}\modules\903mal,1.mod	309	0	0	0	384039468	757697	137577599	00000082
{app}\modules\904mal,1.mod	310	0	0	0	384797165	737644	137577599	00000082
{app}\modules\904mal,2.mod	311	0	0	0	385534809	737644	137577599	00000082
{app}\modules\904mal,3.mod	312	0	0	0	386272453	737644	137577599	00000082
{app}\modules\904mal,4.mod	313	0	0	0	387010097	737290	137577599	00000082
{app}\modules\904mal,5.mod	314	0	0	0	387747387	737644	137577599	00000082
{app}\modules\904mal,6.mod	315	0	0	0	388485031	737644	137577599	00000082
{app}\modules\906mal,1.mod	316	0	0	0	389222675	592780	137577599	00000082
{app}\modules\906mal,2.mod	317	0	0	0	389815455	592502	137577599	00000082
{app}\modules\906mal,3.mod	318	0	0	0	390407957	592488	137577599	00000082
{app}\modules\906mal,4.mod	319	0	0	0	391000445	590514	137577599	00000082
{app}\modules\906mal,5.mod	320	0	0	0	391590959	593508	137577599	00000082
{app}\modules\906mal,6.mod	321	0	0	0	392184467	592440	137577599	00000082
{app}\modules\907mal,1.mod	322	0	0	0	392776907	1014117	137577599	00000082
{app}\modules\907mal,2.mod	323	0	0	0	393791024	1014131	137577599	00000082
{app}\modules\907mal,3.mod	324	0	0	0	394805155	1014105	137577599	00000082
{app}\modules\907mal,4.mod	325	0	0	0	395819260	1010682	137577599	00000082
{app}\modules\907mal,5.mod	326	0	0	0	396829942	1014049	137577599	00000082
{app}\modules\907mal,6.mod	327	0	0	0	397843991	1014113	137577599	00000082
{app}\modules\901mal,1.mod	328	0	0	0	398858104	378160	137577599	00000082
{app}\modules\905mal,1.mod	329	0	0	0	399236264	160960	137577599	00000082
{app}\modules\908mal.mod	330	0	0	0	399397224	37509	137577599	00000082
{app}\modules\909mal,1.mod	331	0	0	0	399434733	258283	137577599	00000082
{app}\modules\711kor,1.mod	332	0	0	0	399693016	1451448	137577599	00000082
{app}\modules\711kor,2.mod	333	0	0	0	401144464	1451470	137577599	00000082
{app}\modules\711kor,3.mod	334	0	0	0	402595934	1451342	137577599	00000082
{app}\modules\711kor,4.mod	335	0	0	0	404047276	1449911	137577599	00000082
{app}\modules\711kor,5.mod	336	0	0	0	405497187	1451304	137577599	00000082
{app}\modules\711kor,6.mod	337	0	0	0	406948491	1451380	137577599	00000082
{app}\modules\902mal,1.mod	338	0	0	0	408399871	747664	137577599	00000082
{app}\modules\902mal,2.mod	339	0	0	0	409147535	747697	137577599	00000082
{app}\modules\902mal,3.mod	340	0	0	0	409895232	747720	137577599	00000082
{app}\modules\902mal,4.mod	341	0	0	0	410642952	741035	137577599	00000082
{app}\modules\902mal,5.mod	342	0	0	0	411383987	747670	137577599	00000082
{app}\modules\902mal,6.mod	343	0	0	0	412131657	747699	137577599	00000082
{app}\override\lrn_form,1.dlg	344	0	0	0	412879356	524118	137577599	00000082
{app}\override\c_lightsaber_eq.ncs	345	0	0	0	413403474	387	137577599	00000082
{app}\override\a_armorlossfix.ncs	346	0	0	0	413403861	380	137577599	00000082
{app}\override\featgain.2da	347	0	0	0	413404241	3645	137577599	00000082
{app}\override\kotor2logo,1.tga	348	0	0	0	413407886	4194843	137577599	00000082
{app}\override\loadstoryhints.2da	349	0	0	0	417602729	1530	137577599	00000082
{app}\override\dan_wn02.txi	350	0	0	0	417604259	17	137577599	00000082
{app}\override\modulesave.2da	351	0	0	0	417604276	2936	137577599	00000082
{app}\override\leh_hyper01.tga	352	0	0	0	417607212	673331	137577599	00000082
{app}\override\351gotocut1064.lip	353	0	0	0	418280543	531	137577599	00000082
{app}\override\lrn_form,2.dlg	354	0	0	0	418281074	585565	137577599	00000082
{app}\override\remote,1.dlg	355	0	0	0	418866639	25177	137577599	00000082
{app}\override\003000hk50001.lip	356	0	0	0	418891816	156	137577599	00000082
{app}\override\003000hk50002.lip	357	0	0	0	418891972	256	137577599	00000082
{app}\override\003000hk50003.lip	358	0	0	0	418892228	206	137577599	00000082
{app}\override\003000hk50004.lip	359	0	0	0	418892434	331	137577599	00000082
{app}\override\003000hk50005.lip	360	0	0	0	418892765	206	137577599	00000082
{app}\override\003000hk50006.lip	361	0	0	0	418892971	216	137577599	00000082
{app}\override\003000hk50007.lip	362	0	0	0	418893187	171	137577599	00000082
{app}\override\003000hk50008.lip	363	0	0	0	418893358	351	137577599	00000082
{app}\override\003000hk50009.lip	364	0	0	0	418893709	276	137577599	00000082
{app}\override\k_workbench_bdm.ncs	365	0	0	0	418893985	691	137577599	00000082
{app}\override\k_workbench_bd.ncs	366	0	0	0	418894676	677	137577599	00000082
{app}\override\g_i_secspike02.uti	367	0	0	0	418895353	978	137577599	00000082
{app}\override\feat.2da	368	0	0	0	418896331	63055	137577599	00000082
{app}\override\c_kristal.ncs	369	0	0	0	418959386	758	137577599	00000082
{app}\override\p_hanharr.utc	370	0	0	0	418960144	3636	137577599	00000082
{app}\override\w_lghtsbr_008.mdl	371	0	0	0	418963780	55953	137577599	00000082
{app}\override\w_shortsbr_008.mdl	372	0	0	0	419019733	44633	137577599	00000082
{app}\override\w_dblsbr_008.mdl	373	0	0	0	419064366	75186	137577599	00000082
{app}\override\w_lghtsbr_008.mdx	374	0	0	0	419139552	14720	137577599	00000082
{app}\override\w_shortsbr_008.mdx	375	0	0	0	419154272	9664	137577599	00000082
{app}\override\w_dblsbr_008.mdx	376	0	0	0	419163936	15520	137577599	00000082
{app}\override\spells.2da	377	0	0	0	419179456	49137	137577599	00000082
{app}\override\upgrade.2da	378	0	0	0	419228593	9780	137577599	00000082
{app}\override\portraits.2da	379	0	0	0	419238373	4221	137577599	00000082
{app}\override\gblkreia027.lip	380	0	0	0	419242594	271	137577599	00000082
{app}\override\gblkreia028.lip	381	0	0	0	419242865	271	137577599	00000082
{app}\override\gblkreia029.lip	382	0	0	0	419243136	271	137577599	00000082
{app}\override\gblkreia030.lip	383	0	0	0	419243407	271	137577599	00000082
{app}\override\gblhandmaiden108.lip	384	0	0	0	419243678	271	137577599	00000082
{app}\override\gblhandmaiden109.lip	385	0	0	0	419243949	271	137577599	00000082
{app}\override\gblhandmaiden110.lip	386	0	0	0	419244220	271	137577599	00000082
{app}\override\gblhandmaiden111.lip	387	0	0	0	419244491	271	137577599	00000082
{app}\override\gbldisciple003.lip	388	0	0	0	419244762	271	137577599	00000082
{app}\override\gbldisciple004.lip	389	0	0	0	419245033	271	137577599	00000082
{app}\override\gbldisciple007.lip	390	0	0	0	419245304	271	137577599	00000082
{app}\override\200ithr.dlg	391	0	0	0	419245575	5173	137577599	00000082
{app}\override\workbnch.dlg	392	0	0	0	419250748	142691	137577599	00000082
{app}\override\a_ranwander_ud.ncs	393	0	0	0	419393439	11398	137577599	00000082
{app}\override\u_a_over_10.uti	394	0	0	0	419404837	1083	137577599	00000082
{app}\override\k_align_movie.ncs	395	0	0	0	419405920	1024	137577599	00000082
{app}\override\ambientmusic.2da	396	0	0	0	419406944	2123	137577599	00000082
{app}\override\000_t3_cand_0.ncs	397	0	0	0	419409067	149	137577599	00000082
{app}\override\003attkreia045,1.lip	398	0	0	0	419409216	51	137577599	00000082
{app}\override\003attkreia046,1.lip	399	0	0	0	419409267	56	137577599	00000082
{app}\override\003attkreia047,1.lip	400	0	0	0	419409323	156	137577599	00000082
{app}\override\003attkreia048,1.lip	401	0	0	0	419409479	91	137577599	00000082
{app}\override\003attkreia049,1.lip	402	0	0	0	419409570	146	137577599	00000082
{app}\override\003attkreia050,1.lip	403	0	0	0	419409716	146	137577599	00000082
{app}\override\302kehvhen002.lip	404	0	0	0	419409862	66	137577599	00000082
{app}\override\302kehvhen004.lip	405	0	0	0	419409928	171	137577599	00000082
{app}\override\302kehvhen007.lip	406	0	0	0	419410099	141	137577599	00000082
{app}\override\003disc2007.lip	407	0	0	0	419410240	286	137577599	00000082
{app}\override\003disc2008.lip	408	0	0	0	419410526	551	137577599	00000082
{app}\override\003disc2009.lip	409	0	0	0	419411077	216	137577599	00000082
{app}\override\003disc2010.lip	410	0	0	0	419411293	181	137577599	00000082
{app}\override\gblatton501.lip	411	0	0	0	419411474	381	137577599	00000082
{app}\override\012ebocam.mdl	412	0	0	0	419411855	8041	137577599	00000082
{app}\override\012ebocam.mdx	413	0	0	0	419419896	0	137577599	00000082
{app}\override\n_darthsion.mdl	414	0	0	0	419419896	286061	137577599	00000082
{app}\override\n_darthsion.mdx	415	0	0	0	419705957	217008	137577599	00000082
{app}\override\298tel.vis	416	0	0	0	419922965	984	137577599	00000082
{app}\override\gblbaodur354.lip	417	0	0	0	419923949	426	137577599	00000082
{app}\override\401ond_rece002.lip	418	0	0	0	419924375	356	137577599	00000082
{app}\override\610disc_enc159.lip	419	0	0	0	419924731	296	137577599	00000082
{app}\override\610disc_enc160.lip	420	0	0	0	419925027	371	137577599	00000082
{app}\override\003pcdead2001.lip	421	0	0	0	419925398	0	137577599	00000082
{app}\override\003pcdead2002.lip	422	0	0	0	419925398	0	137577599	00000082
{app}\override\003pcdead2003.lip	423	0	0	0	419925398	0	137577599	00000082
{app}\override\003pcdead2004.lip	424	0	0	0	419925398	0	137577599	00000082
{app}\override\003pcdead2005.lip	425	0	0	0	419925398	0	137577599	00000082
{app}\override\003pcdead2006.lip	426	0	0	0	419925398	0	137577599	00000082
{app}\override\003pcdead2007.lip	427	0	0	0	419925398	0	137577599	00000082
{app}\override\003pcdead2008.lip	428	0	0	0	419925398	0	137577599	00000082
{app}\override\003pcdead2009.lip	429	0	0	0	419925398	0	137577599	00000082
{app}\override\003pcdead2010.lip	430	0	0	0	419925398	0	137577599	00000082
{app}\override\003pcdead2011.lip	431	0	0	0	419925398	0	137577599	00000082
{app}\override\003pcdead2012.lip	432	0	0	0	419925398	0	137577599	00000082
{app}\override\003pcdead2013.lip	433	0	0	0	419925398	0	137577599	00000082
{app}\override\003pcdead2014.lip	434	0	0	0	419925398	0	137577599	00000082
{app}\override\003pcdead2015.lip	435	0	0	0	419925398	0	137577599	00000082
{app}\override\003pcdead2016.lip	436	0	0	0	419925398	0	137577599	00000082
{app}\override\003pcdead2017.lip	437	0	0	0	419925398	0	137577599	00000082
{app}\override\003pcdead2018.lip	438	0	0	0	419925398	0	137577599	00000082
{app}\override\003pcdead2019.lip	439	0	0	0	419925398	0	137577599	00000082
{app}\override\003pcdead2020.lip	440	0	0	0	419925398	0	137577599	00000082
{app}\override\003pcdead2021.lip	441	0	0	0	419925398	0	137577599	00000082
{app}\override\003pcdead2022.lip	442	0	0	0	419925398	0	137577599	00000082
{app}\override\003pcdead2023.lip	443	0	0	0	419925398	0	137577599	00000082
{app}\override\003pcdead2024.lip	444	0	0	0	419925398	0	137577599	00000082
{app}\override\003pcdead2025.lip	445	0	0	0	419925398	0	137577599	00000082
{app}\override\003pcdead2026.lip	446	0	0	0	419925398	0	137577599	00000082
{app}\override\003pcdead2027.lip	447	0	0	0	419925398	0	137577599	00000082
{app}\override\003pcdead2028.lip	448	0	0	0	419925398	0	137577599	00000082
{app}\override\003pcdead2029.lip	449	0	0	0	419925398	0	137577599	00000082
{app}\override\003pcdead2030.lip	450	0	0	0	419925398	0	137577599	00000082
{app}\override\003pcdead2031.lip	451	0	0	0	419925398	0	137577599	00000082
{app}\override\003pcdead2032.lip	452	0	0	0	419925398	0	137577599	00000082
{app}\override\003pcdead2033.lip	453	0	0	0	419925398	0	137577599	00000082
{app}\override\301attwarn2038.lip	454	0	0	0	419925398	176	137577599	00000082
{app}\override\301attwarn2039.lip	455	0	0	0	419925574	176	137577599	00000082
{app}\override\903attsion002,1.lip	456	0	0	0	419925750	86	137577599	00000082
{app}\override\903attsion003,1.lip	457	0	0	0	419925836	106	137577599	00000082
{app}\override\903attsion004,1.lip	458	0	0	0	419925942	151	137577599	00000082
{app}\override\903attsion005,1.lip	459	0	0	0	419926093	66	137577599	00000082
{app}\override\903attsion006,1.lip	460	0	0	0	419926159	241	137577599	00000082
{app}\override\903attsion007,1.lip	461	0	0	0	419926400	121	137577599	00000082
{app}\override\903attsion008,1.lip	462	0	0	0	419926521	66	137577599	00000082
{app}\override\904malcam.mdl	463	0	0	0	419926587	1501	137577599	00000082
{app}\override\904malcam.mdx	464	0	0	0	419928088	0	137577599	00000082
{app}\override\852852nih012.lip	465	0	0	0	419928088	0	137577599	00000082
{app}\override\903903atton001,1.lip	466	0	0	0	419928088	51	137577599	00000082
{app}\override\903903atton002,1.lip	467	0	0	0	419928139	81	137577599	00000082
{app}\override\903903atton003,1.lip	468	0	0	0	419928220	146	137577599	00000082
{app}\override\903903atton004,1.lip	469	0	0	0	419928366	341	137577599	00000082
{app}\override\903903atton005,1.lip	470	0	0	0	419928707	271	137577599	00000082
{app}\override\903903atton006,1.lip	471	0	0	0	419928978	106	137577599	00000082
{app}\override\903903atton007,1.lip	472	0	0	0	419929084	326	137577599	00000082
{app}\override\903903atton008,1.lip	473	0	0	0	419929410	291	137577599	00000082
{app}\override\903903atton009,1.lip	474	0	0	0	419929701	101	137577599	00000082
{app}\override\903903atton010,1.lip	475	0	0	0	419929802	101	137577599	00000082
{app}\override\903903atton011,1.lip	476	0	0	0	419929903	196	137577599	00000082
{app}\override\903903atton012,1.lip	477	0	0	0	419930099	66	137577599	00000082
{app}\override\903903atton013,1.lip	478	0	0	0	419930165	76	137577599	00000082
{app}\override\903903atton014,1.lip	479	0	0	0	419930241	81	137577599	00000082
{app}\override\a_chokemira.ncs	480	0	0	0	419930322	183	137577599	00000082
{app}\override\a_delredecl.ncs	481	0	0	0	419930505	491	137577599	00000082
{app}\override\a_givemirform.ncs	482	0	0	0	419930996	285	137577599	00000082
{app}\override\a_kreiapc_sit.ncs	483	0	0	0	419931281	221	137577599	00000082
{app}\override\a_krepcup.ncs	484	0	0	0	419931502	104	137577599	00000082
{app}\override\a_laydown.ncs	485	0	0	0	419931606	77	137577599	00000082
{app}\override\a_mand_leave.ncs	486	0	0	0	419931683	487	137577599	00000082
{app}\override\a_mands_leave.ncs	487	0	0	0	419932170	859	137577599	00000082
{app}\override\a_mirfight.ncs	488	0	0	0	419933029	435	137577599	00000082
{app}\override\a_setskillnum.ncs	489	0	0	0	419933464	652	137577599	00000082
{app}\override\a_setskillnum2.ncs	490	0	0	0	419934116	653	137577599	00000082
{app}\override\alienvo.2da	491	0	0	0	419934769	13920	137577599	00000082
{app}\override\appearance.2da	492	0	0	0	419948689	150492	137577599	00000082
{app}\override\c_baodur_tempt.ncs	493	0	0	0	420099181	380	137577599	00000082
{app}\override\c_chk_mand.ncs	494	0	0	0	420099561	233	137577599	00000082
{app}\override\c_durvissparr.ncs	495	0	0	0	420099794	118	137577599	00000082
{app}\override\c_fixedskill.ncs	496	0	0	0	420099912	1460	137577599	00000082
{app}\override\c_force_choke.ncs	497	0	0	0	420101372	117	137577599	00000082
{app}\override\c_handfixz2.ncs	498	0	0	0	420101489	204	137577599	00000082
{app}\override\c_hannojedi.ncs	499	0	0	0	420101693	158	137577599	00000082
{app}\override\000_medstation.dlg	500	0	0	0	420101851	40505	137577599	00000082
{app}\override\200tsff.dlg	501	0	0	0	420142356	4080	137577599	00000082
{app}\override\c_manobjec.ncs	502	0	0	0	420146436	84	137577599	00000082
{app}\override\c_mirachoke.ncs	503	0	0	0	420146520	97	137577599	00000082
{app}\override\a_mira_feat.ncs	504	0	0	0	420146617	141	137577599	00000082
{app}\override\a_mira_teach.ncs	505	0	0	0	420146758	112	137577599	00000082
{app}\override\c_mira_feat.ncs	506	0	0	0	420146870	161	137577599	00000082
{app}\override\statussummary_p,1.gui	507	0	0	0	420147031	16912	137577599	00000082
{app}\override\c_mira_fighting.ncs	508	0	0	0	420163943	355	137577599	00000082
{app}\override\c_mira_jedi.ncs	509	0	0	0	420164298	89	137577599	00000082
{app}\override\c_mira_form.ncs	510	0	0	0	420164387	1478	137577599	00000082
{app}\override\c_miraforms.ncs	511	0	0	0	420165865	840	137577599	00000082
{app}\override\c_mirgltech.ncs	512	0	0	0	420166705	136	137577599	00000082
{app}\override\c_mirtechn.ncs	513	0	0	0	420166841	391	137577599	00000082
{app}\override\c_nohandrob.ncs	514	0	0	0	420167232	145	137577599	00000082
{app}\override\c_noplanmandz2.ncs	515	0	0	0	420167377	212	137577599	00000082
{app}\override\c_sithlordkor.ncs	516	0	0	0	420167589	163	137577599	00000082
{app}\override\c_visasduel.ncs	517	0	0	0	420167752	296	137577599	00000082
{app}\override\c_visaslockmisia.ncs	518	0	0	0	420168048	353	137577599	00000082
{app}\override\gblkreia001,1.lip	519	0	0	0	420168401	166	137577599	00000082
{app}\override\gblkreia459.lip	520	0	0	0	420168567	0	137577599	00000082
{app}\override\gblkreia460.lip	521	0	0	0	420168567	0	137577599	00000082
{app}\override\gblkreia461.lip	522	0	0	0	420168567	0	137577599	00000082
{app}\override\gblkreia462.lip	523	0	0	0	420168567	0	137577599	00000082
{app}\override\gblkreia463.lip	524	0	0	0	420168567	0	137577599	00000082
{app}\override\gblkreia464.lip	525	0	0	0	420168567	0	137577599	00000082
{app}\override\gblkreia465.lip	526	0	0	0	420168567	0	137577599	00000082
{app}\override\gblkreia467.lip	527	0	0	0	420168567	0	137577599	00000082
{app}\override\gblkreia469.lip	528	0	0	0	420168567	0	137577599	00000082
{app}\override\gblt3m4120.lip	529	0	0	0	420168567	236	137577599	00000082
{app}\override\gblt3m4121.lip	530	0	0	0	420168803	191	137577599	00000082
{app}\override\gblt3m4122.lip	531	0	0	0	420168994	341	137577599	00000082
{app}\override\gblt3m4181.lip	532	0	0	0	420169335	56	137577599	00000082
{app}\override\globalcat.2da	533	0	0	0	420169391	27274	137577599	00000082
{app}\override\lbl_map298tel.tga	534	0	0	0	420196665	525349	137577599	00000082
{app}\override\lbl_map301nar.tga	535	0	0	0	420722014	525349	137577599	00000082
{app}\override\lbl_map905mal.tga	536	0	0	0	421247363	525349	137577599	00000082
{app}\override\lbl_map906mal.tga	537	0	0	0	421772712	525349	137577599	00000082
{app}\override\load_307nar.tga	538	0	0	0	422298061	4194322	137577599	00000082
{app}\override\load_908mal.tga	539	0	0	0	426492383	4194322	137577599	00000082
{app}\override\load_909mal.tga	540	0	0	0	430686705	4194322	137577599	00000082
{app}\override\p_handmaidenbb.mdl	541	0	0	0	434881027	323207	137577599	00000082
{app}\override\p_handmaidenbb.mdx	542	0	0	0	435204234	236032	137577599	00000082
{app}\override\p_handmaidenbd.mdl	543	0	0	0	435440266	322835	137577599	00000082
{app}\override\p_handmaidenbd.mdx	544	0	0	0	435763101	235264	137577599	00000082
{app}\override\p_handmaidenbd.mdx	544	0	0	0	435763101	235264	137577599	00000082
{app}\override\p_handsisterbb.mdl	545	0	0	0	435998365	323207	137577599	00000082
{app}\override\p_handsisterbb.mdx	546	0	0	0	436321572	236032	137577599	00000082
{app}\override\p_handsisterbd.mdl	547	0	0	0	436557604	322835	137577599	00000082
{app}\override\p_handsisterbd.mdx	548	0	0	0	436880439	235264	137577599	00000082
{app}\override\p_kreia1hbb.mdl	549	0	0	0	437115703	368346	137577599	00000082
{app}\override\p_kreia1hbb.mdx	550	0	0	0	437484049	218784	137577599	00000082
{app}\override\p_kreidanbb.mdl	551	0	0	0	437702833	368346	137577599	00000082
{app}\override\p_kreidanbb.mdx	552	0	0	0	438071179	218784	137577599	00000082
{app}\override\redeclipse004.ute	553	0	0	0	438289963	1233	137577599	00000082
{app}\override\s_male02.mdl	554	0	0	0	438291196	5111318	137577599	00000082
{app}\override\s_male02.mdx	555	0	0	0	443402514	124968	137577599	00000082
{app}\override\tr_re_zb2.utw	556	0	0	0	443527482	660	137577599	00000082
{app}\override\z_t3mand_dlg.ncs	557	0	0	0	443528142	108	137577599	00000082
{app}\override\te_gand1.utc	558	0	0	0	443528250	3830	137577599	00000082
{app}\override\te_gand2.utc	559	0	0	0	443532080	3859	137577599	00000082
{app}\override\te_gand3.utc	560	0	0	0	443535939	4176	137577599	00000082
{app}\override\te_gand4.utc	561	0	0	0	443540115	3776	137577599	00000082
{app}\override\te_gand5.utc	562	0	0	0	443543891	3309	137577599	00000082
{app}\override\te_gand6.utc	563	0	0	0	443547200	3378	137577599	00000082
{app}\override\te_gandfind.utc	564	0	0	0	443550578	4034	137577599	00000082
{app}\override\te_gandfind2.utc	565	0	0	0	443554612	4036	137577599	00000082
{app}\override\te_gandfind3.utc	566	0	0	0	443558648	3386	137577599	00000082
{app}\override\te_granvictim.utc	567	0	0	0	443562034	3218	137577599	00000082
{app}\override\te_zhugshooter.utc	568	0	0	0	443565252	4182	137577599	00000082
{app}\override\te_zhugthug1.utc	569	0	0	0	443569434	4438	137577599	00000082
{app}\override\te_zhugthug2.utc	570	0	0	0	443573872	3839	137577599	00000082
{app}\override\te_zhugthug3.utc	571	0	0	0	443577711	3813	137577599	00000082
{app}\override\te_zhugthug4.utc	572	0	0	0	443581524	4157	137577599	00000082
{app}\override\te_zhugthug5.utc	573	0	0	0	443585681	4118	137577599	00000082
{app}\override\te_zhugthug6.utc	574	0	0	0	443589799	3866	137577599	00000082
{app}\override\te_zhugthug7.utc	575	0	0	0	443593665	3897	137577599	00000082
{app}\override\000react,1.dlg	576	0	0	0	443597562	502126	137577599	00000082
{app}\override\c_attontechs.ncs	577	0	0	0	444099688	647	137577599	00000082
{app}\override\222tel15.mdl	578	0	0	0	444100335	835155	137577599	00000082
{app}\override\222tel15.mdx	579	0	0	0	444935490	775392	137577599	00000082
{app}\override\n_repcptfw.mdl	580	0	0	0	445710882	241110	137577599	00000082
{app}\override\n_repcptmw.mdx	581	0	0	0	445951992	175392	137577599	00000082
{app}\override\n_repcptmw.mdl	582	0	0	0	446127384	223729	137577599	00000082
{app}\override\n_repcptmb.mdx	583	0	0	0	446351113	179488	137577599	00000082
{app}\override\n_repcptmb.mdl	584	0	0	0	446530601	227606	137577599	00000082
{app}\override\n_repcptfw.mdx	585	0	0	0	446758207	187904	137577599	00000082
{app}\override\atton,1.dlg	586	0	0	0	446946111	938879	137577599	00000082
{app}\override\baodur,1.dlg	587	0	0	0	447884990	597399	137577599	00000082
{app}\override\disciple,1.dlg	588	0	0	0	448482389	1024839	137577599	00000082
{app}\override\g0t0,1.dlg	589	0	0	0	449507228	597097	137577599	00000082
{app}\override\handmaiden,1.dlg	590	0	0	0	450104325	1376657	137577599	00000082
{app}\override\hanharr,1.dlg	591	0	0	0	451480982	743199	137577599	00000082
{app}\override\hk47,1.dlg	592	0	0	0	452224181	1184553	137577599	00000082
{app}\override\mandalore,1.dlg	593	0	0	0	453408734	506214	137577599	00000082
{app}\override\mira,1.dlg	594	0	0	0	453914948	804798	137577599	00000082
{app}\override\t3m4,1.dlg	595	0	0	0	454719746	1035291	137577599	00000082
{app}\override\visasmarr,1.dlg	596	0	0	0	455755037	615277	137577599	00000082
{app}\override\kreia,1.dlg	597	0	0	0	456370314	1655306	137577599	00000082
{app}\override\atton,2.dlg	598	0	0	0	458025620	935609	137577599	00000082
{app}\override\baodur,2.dlg	599	0	0	0	458961229	583807	137577599	00000082
{app}\override\disciple,2.dlg	600	0	0	0	459545036	1025783	137577599	00000082
{app}\override\g0t0,2.dlg	601	0	0	0	460570819	594990	137577599	00000082
{app}\override\handmaiden,2.dlg	602	0	0	0	461165809	1378125	137577599	00000082
{app}\override\hanharr,2.dlg	603	0	0	0	462543934	744421	137577599	00000082
{app}\override\hk47,2.dlg	604	0	0	0	463288355	1183510	137577599	00000082
{app}\override\mandalore,2.dlg	605	0	0	0	464471865	506228	137577599	00000082
{app}\override\mira,2.dlg	606	0	0	0	464978093	798198	137577599	00000082
{app}\override\t3m4,2.dlg	607	0	0	0	465776291	1036239	137577599	00000082
{app}\override\visasmarr,2.dlg	608	0	0	0	466812530	611179	137577599	00000082
{app}\override\kreia,2.dlg	609	0	0	0	467423709	1656427	137577599	00000082
{app}\override\atton,3.dlg	610	0	0	0	469080136	935587	137577599	00000082
{app}\override\baodur,3.dlg	611	0	0	0	470015723	583785	137577599	00000082
{app}\override\disciple,3.dlg	612	0	0	0	470599508	1025761	137577599	00000082
{app}\override\g0t0,3.dlg	613	0	0	0	471625269	594990	137577599	00000082
{app}\override\handmaiden,3.dlg	614	0	0	0	472220259	1378103	137577599	00000082
{app}\override\hanharr,3.dlg	615	0	0	0	473598362	744399	137577599	00000082
{app}\override\hk47,3.dlg	616	0	0	0	474342761	1183474	137577599	00000082
{app}\override\mandalore,3.dlg	617	0	0	0	475526235	506217	137577599	00000082
{app}\override\mira,3.dlg	618	0	0	0	476032452	798187	137577599	00000082
{app}\override\t3m4,3.dlg	619	0	0	0	476830639	1036215	137577599	00000082
{app}\override\visasmarr,3.dlg	620	0	0	0	477866854	611179	137577599	00000082
{app}\override\kreia,3.dlg	621	0	0	0	478478033	1656395	137577599	00000082
{app}\override\atton,4.dlg	622	0	0	0	480134428	935575	137577599	00000082
{app}\override\baodur,4.dlg	623	0	0	0	481070003	583773	137577599	00000082
{app}\override\disciple,4.dlg	624	0	0	0	481653776	1025749	137577599	00000082
{app}\override\g0t0,4.dlg	625	0	0	0	482679525	594990	137577599	00000082
{app}\override\handmaiden,4.dlg	626	0	0	0	483274515	1378091	137577599	00000082
{app}\override\hanharr,4.dlg	627	0	0	0	484652606	744387	137577599	00000082
{app}\override\hk47,4.dlg	628	0	0	0	485396993	1183418	137577599	00000082
{app}\override\mandalore,4.dlg	629	0	0	0	486580411	506211	137577599	00000082
{app}\override\mira,4.dlg	630	0	0	0	487086622	798181	137577599	00000082
{app}\override\t3m4,4.dlg	631	0	0	0	487884803	1036151	137577599	00000082
{app}\override\visasmarr,4.dlg	632	0	0	0	488920954	611179	137577599	00000082
{app}\override\kreia,4.dlg	633	0	0	0	489532133	1656329	137577599	00000082
{app}\override\atton,5.dlg	634	0	0	0	491188462	935589	137577599	00000082
{app}\override\baodur,5.dlg	635	0	0	0	492124051	583787	137577599	00000082
{app}\override\disciple,5.dlg	636	0	0	0	492707838	1025767	137577599	00000082
{app}\override\g0t0,5.dlg	637	0	0	0	493733605	598020	137577599	00000082
{app}\override\handmaiden,5.dlg	638	0	0	0	494331625	1378097	137577599	00000082
{app}\override\hanharr,5.dlg	639	0	0	0	495709722	744401	137577599	00000082
{app}\override\hk47,5.dlg	640	0	0	0	496454123	1183396	137577599	00000082
{app}\override\mandalore,5.dlg	641	0	0	0	497637519	506218	137577599	00000082
{app}\override\mira,5.dlg	642	0	0	0	498143737	798188	137577599	00000082
{app}\override\t3m4,5.dlg	643	0	0	0	498941925	1036171	137577599	00000082
{app}\override\visasmarr,5.dlg	644	0	0	0	499978096	611179	137577599	00000082
{app}\override\kreia,5.dlg	645	0	0	0	500589275	1656299	137577599	00000082
{app}\override\atton,6.dlg	646	0	0	0	502245574	935595	137577599	00000082
{app}\override\baodur,6.dlg	647	0	0	0	503181169	583793	137577599	00000082
{app}\override\disciple,6.dlg	648	0	0	0	503764962	1025769	137577599	00000082
{app}\override\g0t0,6.dlg	649	0	0	0	504790731	594990	137577599	00000082
{app}\override\handmaiden,6.dlg	650	0	0	0	505385721	1378111	137577599	00000082
{app}\override\hanharr,6.dlg	651	0	0	0	506763832	744407	137577599	00000082
{app}\override\hk47,6.dlg	652	0	0	0	507508239	1183428	137577599	00000082
{app}\override\mandalore,6.dlg	653	0	0	0	508691667	506221	137577599	00000082
{app}\override\mira,6.dlg	654	0	0	0	509197888	798191	137577599	00000082
{app}\override\t3m4,6.dlg	655	0	0	0	509996079	1036147	137577599	00000082
{app}\override\visasmarr,6.dlg	656	0	0	0	511032226	611179	137577599	00000082
{app}\override\kreia,6.dlg	657	0	0	0	511643405	1656357	137577599	00000082
{app}\override\global,1.jrl	658	0	0	0	513299762	97648	137577599	00000082
{app}\override\global,2.jrl	659	0	0	0	513397410	96440	137577599	00000082
{app}\override\global,3.jrl	660	0	0	0	513493850	97343	137577599	00000082
{app}\override\global,4.jrl	661	0	0	0	513591193	97387	137577599	00000082
{app}\override\global,5.jrl	662	0	0	0	513688580	98403	137577599	00000082
{app}\override\global,6.jrl	663	0	0	0	513786983	91453	137577599	00000082
{app}\override\global,7.jrl	664	0	0	0	513878436	91453	137577599	00000082
{app}\override\atton,7.dlg	665	0	0	0	513969889	1030060	137577599	00000082
{app}\override\baodur,7.dlg	666	0	0	0	514999949	617945	137577599	00000082
{app}\override\disciple,7.dlg	667	0	0	0	515617894	1051575	137577599	00000082
{app}\override\g0t0,7.dlg	668	0	0	0	516669469	665298	137577599	00000082
{app}\override\handmaiden,7.dlg	669	0	0	0	517334767	1490428	137577599	00000082
{app}\override\hanharr,7.dlg	670	0	0	0	518825195	792090	137577599	00000082
{app}\override\hk47,7.dlg	671	0	0	0	519617285	1273898	137577599	00000082
{app}\override\mandalore,7.dlg	672	0	0	0	520891183	541044	137577599	00000082
{app}\override\mira,7.dlg	673	0	0	0	521432227	862271	137577599	00000082
{app}\override\t3m4,7.dlg	674	0	0	0	522294498	1071703	137577599	00000082
{app}\override\visasmarr,7.dlg	675	0	0	0	523366201	647764	137577599	00000082
{app}\override\kreia,7.dlg	676	0	0	0	524013965	1819093	137577599	00000082
{app}\override\areatrans_p.gui	677	0	0	0	525833058	2682	137577599	00000082
{app}\override\container_p.gui	678	0	0	0	525835740	6704	137577599	00000082
{app}\override\dialogfont10x10b.tga	679	0	0	0	525842444	1048620	137577599	00000082
{app}\override\dialogfont10x10b.txi	680	0	0	0	526891064	11012	137577599	00000082
{app}\override\dialogfont16x16.tga	681	0	0	0	526902076	451628	137577599	00000082
{app}\override\dialogfont16x16.txi	682	0	0	0	527353704	11012	137577599	00000082
{app}\override\dialogfont16x16b.tga	683	0	0	0	527364716	1048620	137577599	00000082
{app}\override\dialogfont16x16b.txi	684	0	0	0	528413336	11012	137577599	00000082
{app}\override\fnt_d16x16b.tga	685	0	0	0	528424348	4194348	137577599	00000082
{app}\override\fnt_d16x16b.txi	686	0	0	0	532618696	11012	137577599	00000082
{app}\override\optresolution_p.gui	687	0	0	0	532629708	5671	137577599	00000082
{app}\override\savefont16x16b.tga	688	0	0	0	532635379	451602	137577599	00000082
{app}\override\savefont16x16b.txi	689	0	0	0	533086981	11012	137577599	00000082
{app}\override\saveload_p.gui	690	0	0	0	533097993	15536	137577599	00000082
{app}\override\statussummary_p,2.gui	691	0	0	0	533113529	16904	137577599	00000082
{app}\override\000react,2.dlg	692	0	0	0	533130433	544392	137577599	00000082
{app}\override\000level.dlg	693	0	0	0	533674825	19998	137577599	00000082
{app}\override\remote,2.dlg	355	0	0	0	418866639	25177	137577599	00000082
{app}\override\custom.txt	694	0	0	0	533694823	5618	137577599	00000082
{app}\override\gamepad.txt	695	0	0	0	533700441	661	137577599	00000082
{app}\override\d2xfnt_d16x16b.tga	696	0	0	0	533701102	4194348	137577599	00000082
{app}\override\d2xfont16x16b.tga	697	0	0	0	537895450	1048620	137577599	00000082
{app}\override\d2xfont16x16b_ps.tga	698	0	0	0	538944070	1048620	137577599	00000082
{app}\override\d3xfnt_d16x16b.tga	699	0	0	0	539992690	16777260	137577599	00000082
{app}\override\d3xfont16x16b.tga	700	0	0	0	556769950	4194348	137577599	00000082
{app}\override\d3xfont16x16b_ps.tga	701	0	0	0	560964298	4194348	137577599	00000082
{app}\modules\298tel,1.mod	702	0	0	0	565158646	1369253	137577599	00000082
{app}\modules\298tel,2.mod	703	0	0	0	566527899	1368919	137577599	00000082
{app}\modules\298tel,3.mod	704	0	0	0	567896818	1369173	137577599	00000082
{app}\modules\298tel,4.mod	705	0	0	0	569265991	1359858	137577599	00000082
{app}\modules\298tel,5.mod	706	0	0	0	570625849	1372761	137577599	00000082
{app}\modules\298tel,6.mod	707	0	0	0	571998610	1368775	137577599	00000082
{app}\modules\299tel,1.mod	708	0	0	0	573367385	1414320	137577599	00000082
{app}\modules\299tel,2.mod	709	0	0	0	574781705	1413694	137577599	00000082
{app}\modules\299tel,3.mod	710	0	0	0	576195399	1414043	137577599	00000082
{app}\modules\299tel,4.mod	711	0	0	0	577609442	1404117	137577599	00000082
{app}\modules\299tel,5.mod	712	0	0	0	579013559	1414025	137577599	00000082
{app}\modules\299tel,6.mod	713	0	0	0	580427584	1414318	137577599	00000082
{app}\lips\301nar_loc,1.mod	714	0	0	0	581841902	175304	137577599	00000082
{app}\lips\303nar_loc,1.mod	715	0	0	0	582017206	239476	137577599	00000082
{app}\lips\602dan_loc,1.mod	716	0	0	0	582256682	305389	137577599	00000082
{app}\lips\605dan_loc,1.mod	717	0	0	0	582562071	88083	137577599	00000082
{app}\lips\610dan_loc,1.mod	718	0	0	0	582650154	135868	137577599	00000082
{app}\lips\101per_loc,1.mod	719	0	0	0	582786022	170275	137577599	00000082
{app}\lips\298tel_loc.mod	720	0	0	0	582956297	44835	137577599	00000082
{app}\lips\299tel_loc.mod	721	0	0	0	583001132	38992	137577599	00000082
{app}\launcher\launcher.ini	722	0	0	0	583040124	875	137577599	00000082
{app}\launcher\swlauncher.bmp	723	0	0	0	583040999	1008054	137577599	00000082
{app}\launcher\mousedown.bmp	724	0	0	0	584049053	21428	137577599	00000082
{app}\launcher\mousenormal.bmp	725	0	0	0	584070481	21428	137577599	00000082
{app}\launcher\mouseover.bmp	726	0	0	0	584091909	21428	137577599	00000082
{app}\lips\650dan_loc,1.mod	727	0	0	0	584113337	279115	137577599	00000082
{app}\override\c_misiahkt3.ncs	728	0	0	0	584392452	125	137577599	00000082
{app}\override\351twinsun1003.lip	729	0	0	0	584392577	221	137577599	00000082
{app}\override\351twinsun1006.lip	730	0	0	0	584392798	221	137577599	00000082
{app}\override\a_att_feat.ncs	731	0	0	0	584393019	178	137577599	00000082
{app}\override\a_att_teach.ncs	732	0	0	0	584393197	148	137577599	00000082
{app}\override\a_dischatejedi.ncs	733	0	0	0	584393345	148	137577599	00000082
{app}\override\a_flrcamdfix.ncs	734	0	0	0	584393493	63	137577599	00000082
{app}\override\avo_twilfangm2.lip	735	0	0	0	584393556	221	137577599	00000082
{app}\override\c_att_feat.ncs	736	0	0	0	584393777	162	137577599	00000082
{app}\override\c_att_form.ncs	737	0	0	0	584393939	1479	137577599	00000082
{app}\override\tslrcm16_heal.ncs	738	0	0	0	584395418	145	137577599	00000082
{app}\override\c_att_jedi.ncs	739	0	0	0	584395563	90	137577599	00000082
{app}\override\c_pc_teach.ncs	740	0	0	0	584395653	495	137577599	00000082
{app}\override\a_262imprison.ncs	741	0	0	0	584396148	999	137577599	00000082
{app}\override\mal_wn01.tga	742	0	0	0	584397147	262188	137577599	00000082
{app}\override\mal_wn01.txi	743	0	0	0	584659335	17	137577599	00000082
{app}\modules\103per,1.mod	744	0	0	0	584659352	1576699	137577599	00000082
{app}\override\d_hk47_01,1.uti	745	0	0	0	586236051	1741	137577599	00000082
{app}\override\d_hk47_01,2.uti	746	0	0	0	586237792	1741	137577599	00000082
{app}\modules\103per,2.mod	747	0	0	0	586239533	1576715	137577599	00000082
{app}\modules\103per,3.mod	748	0	0	0	587816248	1576737	137577599	00000082
{app}\modules\103per,4.mod	749	0	0	0	589392985	1574385	137577599	00000082
{app}\modules\103per,5.mod	750	0	0	0	590967370	1576693	137577599	00000082
{app}\modules\103per,6.mod	751	0	0	0	592544063	1576725	137577599	00000082
{app}\modules\950cor,1.mod	752	0	0	0	594120788	417381	137577599	00000082
{app}\modules\950cor,2.mod	753	0	0	0	594538169	417381	137577599	00000082
{app}\modules\950cor,3.mod	754	0	0	0	594955550	417381	137577599	00000082
{app}\modules\950cor,4.mod	755	0	0	0	595372931	416303	137577599	00000082
{app}\modules\950cor,5.mod	756	0	0	0	595789234	417381	137577599	00000082
{app}\modules\950cor,6.mod	757	0	0	0	596206615	417381	137577599	00000082
{app}\streamvoice\261\hk501\261hk501019.wav	758	0	0	0	596623996	106239	137577599	00000082
{app}\streamvoice\950\holorec\950holorec102.mp3	759	0	0	0	596730235	108058	137577599	00000082
{app}\streamvoice\950\holorec\950holorec103.mp3	760	0	0	0	596838293	107384	137577599	00000082
{app}\streamvoice\950\holorec\950holorec104.mp3	761	0	0	0	596945677	51140	137577599	00000082
{app}\streamvoice\gbl\g0t0\gblg0t0221.mp3	762	0	0	0	596996817	132163	137577599	00000082
{app}\streamvoice\gbl\g0t0\gblg0t0220.mp3	763	0	0	0	597128980	144547	137577599	00000082
{app}\streamvoice\gbl\hk47\gblhk47462.mp3	764	0	0	0	597273527	299049	137577599	00000082
{app}\streamvoice\gbl\hk47\gblhk47463.mp3	765	0	0	0	597572576	205635	137577599	00000082
{app}\streamvoice\gbl\hk47\gblhk47464.mp3	766	0	0	0	597778211	231340	137577599	00000082
{app}\streamvoice\gbl\hk47\gblhk47978.mp3	767	0	0	0	598009551	1252	137577599	00000082
{app}\streamvoice\gbl\hk47\gblhk47465.mp3	768	0	0	0	598010803	484928	137577599	00000082
{app}\streamvoice\gbl\hk47\gblhk47466.mp3	769	0	0	0	598495731	293888	137577599	00000082
{app}\streamvoice\003\pcdead2\003pcdead2034.wav	770	0	0	0	598789619	85296	137577599	00000082
{app}\streamvoice\702\rev_end\702rev_end002.wav	771	0	0	0	598874915	201005	137577599	00000082
{app}\streamvoice\702\rev_end\702rev_end003.wav	772	0	0	0	599075920	90203	137577599	00000082
{app}\streamvoice\605\ralon\605ralon010.wav	773	0	0	0	599166123	176671	137577599	00000082
{app}\streamvoice\503\kavar\503kavar030.wav	774	0	0	0	599342794	229229	137577599	00000082
{app}\override\503kavar030.lip	775	0	0	0	599572023	351	137577599	00000082
{app}\override\950holorec102.lip	776	0	0	0	599572374	356	137577599	00000082
{app}\override\950holorec103.lip	777	0	0	0	599572730	231	137577599	00000082
{app}\override\950holorec104.lip	778	0	0	0	599572961	111	137577599	00000082
{app}\override\a_bao_feat.ncs	779	0	0	0	599573072	177	137577599	00000082
{app}\override\a_bao_teach.ncs	780	0	0	0	599573249	149	137577599	00000082
{app}\override\a_fixes117a.ncs	781	0	0	0	599573398	1235	137577599	00000082
{app}\override\a_geeda_set.ncs	782	0	0	0	599574633	1113	137577599	00000082
{app}\override\a_visas_spell.ncs	783	0	0	0	599575746	147	137577599	00000082
{app}\override\a_visas_teach.ncs	784	0	0	0	599575893	152	137577599	00000082
{app}\override\c_atton_spell.ncs	785	0	0	0	599576045	191	137577599	00000082
{app}\override\d_hk47_01,3.uti	786	0	0	0	599576236	1741	137577599	00000082
{app}\override\d_hk47_01,4.uti	787	0	0	0	599577977	1741	137577599	00000082
{app}\override\d_hk47_01,5.uti	788	0	0	0	599579718	1741	137577599	00000082
{app}\override\c_attonfighting.ncs	789	0	0	0	599581459	356	137577599	00000082
{app}\override\c_attonforms.ncs	790	0	0	0	599581815	841	137577599	00000082
{app}\override\c_bao_jedi.ncs	791	0	0	0	599582656	91	137577599	00000082
{app}\override\c_bao_form.ncs	792	0	0	0	599582747	1480	137577599	00000082
{app}\override\c_bao_spell.ncs	793	0	0	0	599584227	742	137577599	00000082
{app}\override\c_baofighting.ncs	794	0	0	0	599584969	454	137577599	00000082
{app}\override\c_bao_feat.ncs	795	0	0	0	599585423	163	137577599	00000082
{app}\override\c_bao_feat2.ncs	796	0	0	0	599585586	163	137577599	00000082
{app}\override\c_baoforms.ncs	797	0	0	0	599585749	842	137577599	00000082
{app}\override\c_baotechs.ncs	798	0	0	0	599586591	648	137577599	00000082
{app}\override\c_disc_jedi.ncs	799	0	0	0	599587239	93	137577599	00000082
{app}\override\c_hand_jedi.ncs	800	0	0	0	599587332	95	137577599	00000082
{app}\override\c_mira_spell.ncs	801	0	0	0	599587427	1478	137577599	00000082
{app}\override\c_miratechs.ncs	802	0	0	0	599588905	1228	137577599	00000082
{app}\override\c_pc_spell.ncs	803	0	0	0	599590133	152	137577599	00000082
{app}\override\c_vis_form.ncs	804	0	0	0	599590285	1483	137577599	00000082
{app}\override\c_visas_form.ncs	805	0	0	0	599591768	845	137577599	00000082
{app}\override\c_visas_spell.ncs	806	0	0	0	599592613	195	137577599	00000082
{app}\override\c_visastechs.ncs	807	0	0	0	599592808	554	137577599	00000082
{app}\override\c_visforms.ncs	808	0	0	0	599593362	845	137577599	00000082
{app}\override\g_probedroid01.utc	809	0	0	0	599594207	3556	137577599	00000082
{app}\override\k_death_give_ls.ncs	810	0	0	0	599597763	12840	137577599	00000082
{app}\override\k_def_ambmobtrea.ncs	811	0	0	0	599610603	27278	137577599	00000082
{app}\override\k_def_drdgrenspn.ncs	812	0	0	0	599637881	27449	137577599	00000082
{app}\override\k_def_grenspn.ncs	813	0	0	0	599665330	27275	137577599	00000082
{app}\override\k_def_repairsptr.ncs	814	0	0	0	599692605	22923	137577599	00000082
{app}\override\k_def_spawn01.ncs	815	0	0	0	599715528	27281	137577599	00000082
{app}\override\k_def_spn_t_drd.ncs	816	0	0	0	599742809	27455	137577599	00000082
{app}\override\k_def_spn_t_drdh.ncs	817	0	0	0	599770264	27455	137577599	00000082
{app}\override\k_def_spn_t_empt.ncs	818	0	0	0	599797719	27281	137577599	00000082
{app}\override\k_def_spn_t_jedi.ncs	819	0	0	0	599825000	27671	137577599	00000082
{app}\override\k_def_spn_t_less.ncs	820	0	0	0	599852671	27281	137577599	00000082
{app}\override\k_def_spn_t_more.ncs	821	0	0	0	599879952	27314	137577599	00000082
{app}\override\k_def_spn_t_per.ncs	822	0	0	0	599907266	28306	137577599	00000082
{app}\override\k_plc_it_arm.ncs	823	0	0	0	599935572	18390	137577599	00000082
{app}\override\k_plc_it_arm_h.ncs	824	0	0	0	599953962	18390	137577599	00000082
{app}\override\k_plc_it_arm_l.ncs	825	0	0	0	599972352	18390	137577599	00000082
{app}\override\k_plc_it_arm_m.ncs	826	0	0	0	599990742	18390	137577599	00000082
{app}\override\k_plc_it_arm_r.ncs	827	0	0	0	600009132	18390	137577599	00000082
{app}\override\k_plc_it_d_shld.ncs	828	0	0	0	600027522	7755	137577599	00000082
{app}\override\k_plc_it_d_stim.ncs	829	0	0	0	600035277	7755	137577599	00000082
{app}\override\k_plc_it_eq.ncs	830	0	0	0	600043032	18390	137577599	00000082
{app}\override\k_plc_it_eq_belt.ncs	831	0	0	0	600061422	18390	137577599	00000082
{app}\override\k_plc_it_eq_glov.ncs	832	0	0	0	600079812	18390	137577599	00000082
{app}\override\k_plc_it_eq_helm.ncs	833	0	0	0	600098202	18390	137577599	00000082
{app}\override\k_plc_it_eq_imp.ncs	834	0	0	0	600116592	18390	137577599	00000082
{app}\override\k_plc_it_up.ncs	835	0	0	0	600134982	18390	137577599	00000082
{app}\override\k_plc_it_up_a.ncs	836	0	0	0	600153372	18390	137577599	00000082
{app}\override\k_plc_it_up_l.ncs	837	0	0	0	600171762	18390	137577599	00000082
{app}\override\k_plc_it_up_l_cr.ncs	838	0	0	0	600190152	18390	137577599	00000082
{app}\override\k_plc_it_up_m.ncs	839	0	0	0	600208542	18390	137577599	00000082
{app}\override\k_plc_it_up_r.ncs	840	0	0	0	600226932	18390	137577599	00000082
{app}\override\k_plc_it_weap.ncs	841	0	0	0	600245322	18390	137577599	00000082
{app}\override\k_plc_it_weap_bp.ncs	842	0	0	0	600263712	18390	137577599	00000082
{app}\override\k_plc_it_weap_br.ncs	843	0	0	0	600282102	18390	137577599	00000082
{app}\override\k_plc_it_weap_l.ncs	844	0	0	0	600300492	18390	137577599	00000082
{app}\override\k_plc_it_weap_m.ncs	845	0	0	0	600318882	18390	137577599	00000082
{app}\override\k_plc_treas_disp.ncs	846	0	0	0	600337272	7766	137577599	00000082
{app}\override\k_plc_treas_empt.ncs	847	0	0	0	600345038	18414	137577599	00000082
{app}\override\k_plc_treas_less.ncs	848	0	0	0	600363452	18414	137577599	00000082
{app}\override\k_plc_treas_more.ncs	849	0	0	0	600381866	18447	137577599	00000082
{app}\override\k_plc_treas_norm.ncs	850	0	0	0	600400313	18414	137577599	00000082
{app}\override\k_plc_treas_per.ncs	851	0	0	0	600418727	19301	137577599	00000082
{app}\override\k_plc_tresciv.ncs	852	0	0	0	600438028	18414	137577599	00000082
{app}\override\k_plc_trescorhig.ncs	853	0	0	0	600456442	18527	137577599	00000082
{app}\override\k_plc_trescorlow.ncs	854	0	0	0	600474969	18414	137577599	00000082
{app}\override\k_plc_trescormid.ncs	855	0	0	0	600493383	18414	137577599	00000082
{app}\override\k_plc_tresdrdhig.ncs	856	0	0	0	600511797	18483	137577599	00000082
{app}\override\k_plc_tresdrdlow.ncs	857	0	0	0	600530280	18450	137577599	00000082
{app}\override\k_plc_tresdrdmid.ncs	858	0	0	0	600548730	18450	137577599	00000082
{app}\override\k_plc_tresmilhig.ncs	859	0	0	0	600567180	18447	137577599	00000082
{app}\override\k_plc_tresmillow.ncs	860	0	0	0	600585627	18441	137577599	00000082
{app}\override\k_plc_tresmilmid.ncs	861	0	0	0	600604068	18414	137577599	00000082
{app}\override\k_plc_tresrakat.ncs	862	0	0	0	600622482	18447	137577599	00000082
{app}\override\k_plc_tresshahig.ncs	863	0	0	0	600640929	18447	137577599	00000082
{app}\override\k_plc_tresshalow.ncs	864	0	0	0	600659376	18414	137577599	00000082
{app}\override\k_plc_tresshamid.ncs	865	0	0	0	600677790	18414	137577599	00000082
{app}\override\k_plc_tressndppl.ncs	866	0	0	0	600696204	18447	137577599	00000082
{app}\override\load_007ebo.tga	867	0	0	0	600714651	4194322	137577599	00000082
{app}\override\load_012ebo.tga	868	0	0	0	604908973	4194322	137577599	00000082
{app}\override\load_225tel.tga	869	0	0	0	609103295	4194322	137577599	00000082
{app}\override\load_350nar.tga	870	0	0	0	613297617	4194322	137577599	00000082
{app}\override\load_853nih.tga	871	0	0	0	617491939	4194322	137577599	00000082
{app}\override\mainmenu02.mdl	872	0	0	0	621686261	1471449	137577599	00000082
{app}\override\mainmenu02.mdx	873	0	0	0	623157710	785208	137577599	00000082
{app}\override\n_duros06.tga	874	0	0	0	623942918	633877	137577599	00000082
{app}\override\n_maskedduros.mdl	875	0	0	0	624576795	302179	137577599	00000082
{app}\override\n_maskedduros.mdx	876	0	0	0	624878974	214256	137577599	00000082
{app}\override\pfbnm.mdl	877	0	0	0	625093230	318942	137577599	00000082
{app}\override\pmbnm.mdl	878	0	0	0	625412172	251599	137577599	00000082
{app}\override\pfbnm.mdx	879	0	0	0	625663771	180096	137577599	00000082
{app}\override\pmbnm.mdx	880	0	0	0	625843867	190944	137577599	00000082
{app}\override\n_correnfalth.mdl	881	0	0	0	626034811	70717	137577599	00000082
{app}\override\p_kreia1hstunt01.mdl	882	0	0	0	626105528	331305	137577599	00000082
{app}\override\p_kreia1hstunt01.mdx	883	0	0	0	626436833	217728	137577599	00000082
{app}\override\p_kreiabb.mdl	884	0	0	0	626654561	426339	137577599	00000082
{app}\override\p_kreiabb.mdx	885	0	0	0	627080900	231680	137577599	00000082
{app}\override\p_kreiaevil0hbb.mdl	886	0	0	0	627312580	361058	137577599	00000082
{app}\override\p_kreiaevil0hbb.mdx	887	0	0	0	627673638	214240	137577599	00000082
{app}\override\p_kreiaevil02.mdl	888	0	0	0	627887878	445268	137577599	00000082
{app}\override\p_kreiaevil02.mdx	889	0	0	0	628333146	243680	137577599	00000082
{app}\override\p_kreiaevilbb.mdl	890	0	0	0	628576826	353653	137577599	00000082
{app}\override\p_kreiaevilbb.mdx	891	0	0	0	628930479	228960	137577599	00000082
{app}\override\p_kreiah.mdl	892	0	0	0	629159439	104969	137577599	00000082
{app}\override\p_kreiah.mdx	893	0	0	0	629264408	78368	137577599	00000082
{app}\override\p_kreiastunt.mdl	894	0	0	0	629342776	353924	137577599	00000082
{app}\override\p_kreiastunt.mdx	895	0	0	0	629696700	230368	137577599	00000082
{app}\override\pfbnm.mdl	877	0	0	0	625093230	318942	137577599	00000082
{app}\override\plc_metalbox.mdl	896	0	0	0	629927068	39056	137577599	00000082
{app}\override\plc_metalbox.mdx	897	0	0	0	629966124	23520	137577599	00000082
{app}\override\remote,3.dlg	898	0	0	0	629989644	20574	137577599	00000082
{app}\override\tslrcm18_heal.ncs	899	0	0	0	630010218	160	137577599	00000082
{app}\override\twilek_f.mdl	900	0	0	0	630010378	96936	137577599	00000082
{app}\override\w_melee_10.uti	901	0	0	0	630107314	1238	137577599	00000082
{app}\override\lspart01.uti	902	0	0	0	630108552	846	137577599	00000082
{app}\override\lspart02.uti	903	0	0	0	630109398	854	137577599	00000082
{app}\override\lspart03.uti	904	0	0	0	630110252	854	137577599	00000082
{app}\override\if_finesse01.tga	905	0	0	0	630111106	1492	137577599	00000082
{app}\override\if_finesse02.tga	906	0	0	0	630112598	1321	137577599	00000082
{app}\override\p_bao_dura.tga	907	0	0	0	630113919	1048620	137577599	00000082
{app}\override\p_bao_durad01.tga	908	0	0	0	631162539	1048620	137577599	00000082
{app}\override\p_bao_dura.txi	909	0	0	0	632211159	26	137577599	00000082
{app}\override\p_bao_durad01.txi	910	0	0	0	632211185	26	137577599	00000082
{app}\streamvoice\201\taris\201taris001.wav	911	0	0	0	632211211	188767	137577599	00000082
{app}\override\itemcreate.2da	912	0	0	0	632399978	6792	137577599	00000082
{app}\override\itemcreatemira.2da	913	0	0	0	632406770	6952	137577599	00000082
{app}\override\a_give_quest_ls.ncs	914	0	0	0	632413722	11190	137577599	00000082
{app}\override\a_give_q_reward.ncs	915	0	0	0	632424912	11132	137577599	00000082
{app}\modules\235tel.mod	916	0	0	0	632436044	69824	137577599	00000082
{app}\override\235tel.lyt	917	0	0	0	632505868	183	137577599	00000082
{app}\override\235tel.vis	918	0	0	0	632506051	11	137577599	00000082
{app}\override\235tela.mdl	919	0	0	0	632506062	82687	137577599	00000082
{app}\override\235tela.mdx	920	0	0	0	632588749	75120	137577599	00000082
{app}\override\235tela.wok	921	0	0	0	632663869	5504	137577599	00000082
{app}\override\235tela_lm0.tga	922	0	0	0	632669373	1230	137577599	00000082
{app}\override\duro_mask.tga	923	0	0	0	632670603	48423	137577599	00000082
{app}\override\load_907mal.tga	924	0	0	0	632719026	4194322	137577599	00000082
{app}\override\a_pc_form_learn.ncs	925	0	0	0	636913348	4168	137577599	00000082
{app}\override\a_master_teach.ncs	926	0	0	0	636917516	3633	137577599	00000082
{app}\override\a_master_anim.ncs	927	0	0	0	636921149	5096	137577599	00000082
{app}\streamvoice\gbl\atton\gblatton501.mp3	928	0	0	0	636926245	240384	137577599	00000082
{app}\streamvoice\262\kreatris\262kreatris048.wav	929	0	0	0	637166629	55692	137577599	00000082
{app}\streamvoice\gbl\baodur\gblbaodur354.mp3	930	0	0	0	637222321	254537	137577599	00000082
{app}\streamvoice\003\disc2\003disc2007.wav	931	0	0	0	637476858	175339	137577599	00000082
{app}\streamvoice\003\disc2\003disc2008.wav	932	0	0	0	637652197	322449	137577599	00000082
{app}\streamvoice\003\disc2\003disc2009.wav	933	0	0	0	637974646	87039	137577599	00000082
{app}\streamvoice\003\disc2\003disc2010.wav	934	0	0	0	638061685	91455	137577599	00000082
{app}\override\k_inc_treas_k2.nss	935	0	0	0	638153140	39043	137577599	00000082
{app}\override\g_i_trapkit002.uti	936	0	0	0	638192183	929	137577599	00000082
{app}\override\g_i_trapkit003.uti	937	0	0	0	638193112	929	137577599	00000082
{app}\override\g_i_trapkit005.uti	938	0	0	0	638194041	929	137577599	00000082
{app}\override\g_i_trapkit006.uti	939	0	0	0	638194970	929	137577599	00000082
{app}\override\g_i_trapkit008.uti	940	0	0	0	638195899	929	137577599	00000082
{app}\override\g_i_trapkit009.uti	941	0	0	0	638196828	929	137577599	00000082
{app}\override\g_i_trapkit011.uti	942	0	0	0	638197757	929	137577599	00000082
{app}\override\g_w_dblsbr007.uti	943	0	0	0	638198686	5029	137577599	00000082
{app}\override\g_w_lghtsbr07.uti	944	0	0	0	638203715	5029	137577599	00000082
{app}\override\g_w_shortsbr07.uti	945	0	0	0	638208744	5031	137577599	00000082
{app}\override\iw_dblsbr_010.tga	946	0	0	0	638213775	9852	137577599	00000082
{app}\override\iw_lghtsbr_011.tga	947	0	0	0	638223627	6366	137577599	00000082
{app}\override\iw_shortsbr_010.tga	948	0	0	0	638229993	6533	137577599	00000082
{app}\override\w_dblsbr_010.mdl	949	0	0	0	638236526	57392	137577599	00000082
{app}\override\w_dblsbr_010.mdx	950	0	0	0	638293918	10848	137577599	00000082
{app}\override\w_lghtsbr_011.mdl	951	0	0	0	638304766	37843	137577599	00000082
{app}\override\w_lghtsbr_011.mdx	952	0	0	0	638342609	11936	137577599	00000082
{app}\override\w_lsabrebrnz01.tga	953	0	0	0	638354545	17566	137577599	00000082
{app}\override\w_lsabrebrnz01.txi	954	0	0	0	638372111	26	137577599	00000082
{app}\override\w_shortsbr_010.mdl	955	0	0	0	638372137	32347	137577599	00000082
{app}\override\w_shortsbr_010.mdx	956	0	0	0	638404484	6912	137577599	00000082
{app}\override\299telq.mdl	957	0	0	0	638411396	517708	137577599	00000082
{app}\override\p_hk50rack.mdl	958	0	0	0	638929104	14541	137577599	00000082
{app}\override\p_hk50rack.mdx	959	0	0	0	638943645	6624	137577599	00000082
{app}\override\p_hk51rack.mdl	960	0	0	0	638950269	13193	137577599	00000082
{app}\override\p_hk51rack.mdx	961	0	0	0	638963462	6624	137577599	00000082
{app}\override\tel_hk50_back.tga	962	0	0	0	638970086	312691	137577599	00000082
{app}\override\tel_hk50_front.tga	963	0	0	0	639282777	328172	137577599	00000082
{app}\override\tel_hk50_side.tga	964	0	0	0	639610949	183291	137577599	00000082
{app}\override\tel_hk51_back.tga	965	0	0	0	639794240	323309	137577599	00000082
{app}\override\tel_hk51_front.tga	966	0	0	0	640117549	337822	137577599	00000082
{app}\override\tel_hk51_side.tga	967	0	0	0	640455371	189805	137577599	00000082
{app}\override\placeables.2da	968	0	0	0	640645176	26727	137577599	00000082
{app}\movies\permov09.bik	969	0	0	0	640671903	6335160	137577599	00000082
{app}\movies\permov08.bik	970	0	0	0	647007063	7296172	137577599	00000082
{app}\movies\credittslrcm.bik	971	0	0	0	654303235	110697132	137577599	00000082
{app}\override\a_104per_enter.ncs	972	0	0	0	765000367	276	137577599	00000082
{app}\override\a_con_atton_end.ncs	973	0	0	0	765000643	203	137577599	00000082
{app}\override\a_playpermov.ncs	974	0	0	0	765000846	410	137577599	00000082
{app}\override\a_setsion.ncs	975	0	0	0	765001256	670	137577599	00000082
{app}\override\nar_ebohwk.tga	976	0	0	0	765001926	1048594	137577599	00000082
{app}\override\nar_ebohwk.txi	977	0	0	0	766050520	26	137577599	00000082
{app}\override\nar_pnt01.tga	978	0	0	0	766050546	578915	137577599	00000082
{app}\override\201taris001.lip	979	0	0	0	766629461	176	137577599	00000082
{app}\override\heads.2da	980	0	0	0	766629637	6726	137577599	00000082
{app}\override\movies.2da	981	0	0	0	766636363	1756	137577599	00000082
{app}\override\musictable.2da	982	0	0	0	766638119	1522	137577599	00000082
{app}\override\pfbn01.tga	983	0	0	0	766639641	545853	137577599	00000082
{app}\override\pfbn02.tga	984	0	0	0	767185494	590751	137577599	00000082
{app}\override\pfbn03.tga	985	0	0	0	767776245	514848	137577599	00000082
{app}\override\pfbn04.tga	986	0	0	0	768291093	510254	137577599	00000082
{app}\override\pfbn05.tga	987	0	0	0	768801347	513160	137577599	00000082
{app}\override\pfbn06.tga	988	0	0	0	769314507	547360	137577599	00000082
{app}\override\pfbn07.tga	989	0	0	0	769861867	566521	137577599	00000082
{app}\override\pfbn08.tga	990	0	0	0	770428388	588583	137577599	00000082
{app}\override\pfbn09.tga	991	0	0	0	771016971	625369	137577599	00000082
{app}\override\pfbn10.tga	992	0	0	0	771642340	474003	137577599	00000082
{app}\override\pfbn11.tga	993	0	0	0	772116343	514828	137577599	00000082
{app}\override\pfbn12.tga	994	0	0	0	772631171	551195	137577599	00000082
{app}\override\pfbn13.tga	995	0	0	0	773182366	565945	137577599	00000082
{app}\override\pfbn14.tga	996	0	0	0	773748311	594804	137577599	00000082
{app}\override\pfbn15.tga	997	0	0	0	774343115	586440	137577599	00000082
{app}\streamvoice\gbl\kreia\gblkreia001,2.mp3	998	0	0	0	774929555	95778	137577599	00000082
{app}\override\gblkreia001,2.lip	999	0	0	0	775025333	171	137577599	00000082
{app}\override\903attsion002,2.lip	1000	0	0	0	775025504	101	137577599	00000082
{app}\override\903attsion003,2.lip	1001	0	0	0	775025605	121	137577599	00000082
{app}\override\903attsion004,2.lip	1002	0	0	0	775025726	136	137577599	00000082
{app}\override\903attsion005,2.lip	1003	0	0	0	775025862	46	137577599	00000082
{app}\override\903attsion006,2.lip	1004	0	0	0	775025908	346	137577599	00000082
{app}\override\903attsion007,2.lip	1005	0	0	0	775026254	96	137577599	00000082
{app}\override\903attsion008,2.lip	1006	0	0	0	775026350	66	137577599	00000082
{app}\override\903903atton001,2.lip	1007	0	0	0	775026416	46	137577599	00000082
{app}\override\903903atton002,2.lip	1008	0	0	0	775026462	111	137577599	00000082
{app}\override\903903atton003,2.lip	1009	0	0	0	775026573	176	137577599	00000082
{app}\override\903903atton004,2.lip	1010	0	0	0	775026749	271	137577599	00000082
{app}\override\903903atton005,2.lip	1011	0	0	0	775027020	316	137577599	00000082
{app}\override\903903atton006,2.lip	1012	0	0	0	775027336	66	137577599	00000082
{app}\override\903903atton007,2.lip	1013	0	0	0	775027402	261	137577599	00000082
{app}\override\903903atton008,2.lip	1014	0	0	0	775027663	266	137577599	00000082
{app}\override\903903atton009,2.lip	1015	0	0	0	775027929	131	137577599	00000082
{app}\override\903903atton010,2.lip	1016	0	0	0	775028060	71	137577599	00000082
{app}\override\903903atton011,2.lip	1017	0	0	0	775028131	221	137577599	00000082
{app}\override\903903atton012,2.lip	1018	0	0	0	775028352	71	137577599	00000082
{app}\override\903903atton013,2.lip	1019	0	0	0	775028423	106	137577599	00000082
{app}\override\903903atton014,2.lip	1020	0	0	0	775028529	96	137577599	00000082
{app}\override\003attkreia045,2.lip	1021	0	0	0	775028625	61	137577599	00000082
{app}\override\003attkreia046,2.lip	1022	0	0	0	775028686	41	137577599	00000082
{app}\override\003attkreia047,2.lip	1023	0	0	0	775028727	186	137577599	00000082
{app}\override\003attkreia048,2.lip	1024	0	0	0	775028913	76	137577599	00000082
{app}\override\003attkreia049,2.lip	1025	0	0	0	775028989	136	137577599	00000082
{app}\override\003attkreia050,2.lip	1026	0	0	0	775029125	181	137577599	00000082
{app}\streamvoice\904\904kreia\904904kreia994,2.mp3	1027	0	0	0	775029306	257912	137577599	00000082
{app}\streamvoice\904\904kreia\904904kreia995,2.mp3	1028	0	0	0	775287218	38768	137577599	00000082
{app}\streamvoice\904\904kreia\904904kreia996,2.mp3	1029	0	0	0	775325986	27585	137577599	00000082
{app}\streamvoice\904\904kreia\904904kreia997,2.mp3	1030	0	0	0	775353571	17972	137577599	00000082
{app}\streamvoice\904\904kreia\904904kreia998,2.mp3	1031	0	0	0	775371543	38870	137577599	00000082
{app}\streamvoice\904\904kreia\904904kreia999,2.mp3	1032	0	0	0	775410413	23788	137577599	00000082
{app}\override\003attkreia045,3.lip	1033	0	0	0	775434201	51	137577599	00000082
{app}\override\003attkreia046,3.lip	1034	0	0	0	775434252	76	137577599	00000082
{app}\override\003attkreia047,3.lip	1035	0	0	0	775434328	176	137577599	00000082
{app}\override\003attkreia048,3.lip	1036	0	0	0	775434504	81	137577599	00000082
{app}\override\003attkreia049,3.lip	1037	0	0	0	775434585	186	137577599	00000082
{app}\override\003attkreia050,3.lip	1038	0	0	0	775434771	201	137577599	00000082
{app}\override\903attsion002,3.lip	1039	0	0	0	775434972	81	137577599	00000082
{app}\override\903attsion003,3.lip	1040	0	0	0	775435053	101	137577599	00000082
{app}\override\903attsion004,3.lip	1041	0	0	0	775435154	141	137577599	00000082
{app}\override\903attsion005,3.lip	1042	0	0	0	775435295	91	137577599	00000082
{app}\override\903attsion006,3.lip	1043	0	0	0	775435386	316	137577599	00000082
{app}\override\903attsion007,3.lip	1044	0	0	0	775435702	116	137577599	00000082
{app}\override\903attsion008,3.lip	1045	0	0	0	775435818	71	137577599	00000082
{app}\override\903903atton001,3.lip	1046	0	0	0	775435889	36	137577599	00000082
{app}\override\903903atton002,3.lip	1047	0	0	0	775435925	106	137577599	00000082
{app}\override\903903atton003,3.lip	1048	0	0	0	775436031	186	137577599	00000082
{app}\override\903903atton004,3.lip	1049	0	0	0	775436217	416	137577599	00000082
{app}\override\903903atton005,3.lip	1050	0	0	0	775436633	266	137577599	00000082
{app}\override\903903atton006,3.lip	1051	0	0	0	775436899	101	137577599	00000082
{app}\override\903903atton007,3.lip	1052	0	0	0	775437000	451	137577599	00000082
{app}\override\903903atton008,3.lip	1053	0	0	0	775437451	291	137577599	00000082
{app}\override\903903atton009,3.lip	1054	0	0	0	775437742	121	137577599	00000082
{app}\override\903903atton010,3.lip	1055	0	0	0	775437863	101	137577599	00000082
{app}\override\903903atton011,3.lip	1056	0	0	0	775437964	226	137577599	00000082
{app}\override\903903atton012,3.lip	1057	0	0	0	775438190	106	137577599	00000082
{app}\override\903903atton013,3.lip	1058	0	0	0	775438296	71	137577599	00000082
{app}\override\903903atton014,3.lip	1059	0	0	0	775438367	161	137577599	00000082
{app}\lips\101per_loc,2.mod	1060	0	0	0	775438528	182040	137577599	00000082
{app}\lips\301nar_loc,2.mod	1061	0	0	0	775620568	184522	137577599	00000082
{app}\lips\303nar_loc,2.mod	1062	0	0	0	775805090	259856	137577599	00000082
{app}\lips\602dan_loc,2.mod	1063	0	0	0	776064946	344376	137577599	00000082
{app}\lips\605dan_loc,2.mod	1064	0	0	0	776409322	97518	137577599	00000082
{app}\lips\610dan_loc,2.mod	1065	0	0	0	776506840	155045	137577599	00000082
{app}\lips\650dan_loc,2.mod	1066	0	0	0	776661885	308810	137577599	00000082
{app}\streamvoice\904\904kreia\904904kreia994,3.mp3	1067	0	0	0	776970695	298602	137577599	00000082
{app}\streamvoice\904\904kreia\904904kreia995,3.mp3	1068	0	0	0	777269297	52584	137577599	00000082
{app}\streamvoice\904\904kreia\904904kreia996,3.mp3	1069	0	0	0	777321881	54462	137577599	00000082
{app}\streamvoice\904\904kreia\904904kreia997,3.mp3	1070	0	0	0	777376343	29422	137577599	00000082
{app}\streamvoice\904\904kreia\904904kreia998,3.mp3	1071	0	0	0	777405765	53836	137577599	00000082
{app}\streamvoice\904\904kreia\904904kreia999,3.mp3	1072	0	0	0	777459601	39438	137577599	00000082
{app}\streamvoice\gbl\kreia\gblkreia001,3.mp3	1073	0	0	0	777499039	73242	137577599	00000082
{app}\override\gblkreia001,3.lip	1074	0	0	0	777572281	141	137577599	00000082
{app}\modules\003ebo,8.mod	1075	0	0	0	777572422	4021539	137577599	00000082
{app}\modules\004ebo,7.mod	1076	0	0	0	781593961	185536	137577599	00000082
{app}\modules\005ebo,2.mod	1077	0	0	0	781779497	163892	137577599	00000082
{app}\modules\006ebo,8.mod	1078	0	0	0	781943389	365367	137577599	00000082
{app}\modules\012ebo,2.mod	1079	0	0	0	782308756	191702	137577599	00000082
{app}\modules\101per,7.mod	1080	0	0	0	782500458	1924211	137577599	00000082
{app}\modules\102per,2.mod	1081	0	0	0	784424669	876435	137577599	00000082
{app}\modules\103per,7.mod	1082	0	0	0	785301104	1581372	137577599	00000082
{app}\modules\104per,2.mod	1083	0	0	0	786882476	159790	137577599	00000082
{app}\modules\106per,2.mod	1084	0	0	0	787042266	685305	137577599	00000082
{app}\modules\151har,2.mod	1085	0	0	0	787727571	593754	137577599	00000082
{app}\modules\152har,2.mod	1086	0	0	0	788321325	638132	137577599	00000082
{app}\modules\154har,2.mod	1087	0	0	0	788959457	175700	137577599	00000082
{app}\modules\201tel,2.mod	1088	0	0	0	789135157	1442980	137577599	00000082
{app}\modules\202tel,8.mod	1089	0	0	0	790578137	1545196	137577599	00000082
{app}\modules\203tel,2.mod	1090	0	0	0	792123333	2270764	137577599	00000082
{app}\modules\204tel,2.mod	1091	0	0	0	794394097	1188689	137577599	00000082
{app}\modules\205tel,2.mod	1092	0	0	0	795582786	239231	137577599	00000082
{app}\modules\207tel,8.mod	1093	0	0	0	795822017	1301725	137577599	00000082
{app}\modules\208tel,2.mod	1094	0	0	0	797123742	1048264	137577599	00000082
{app}\modules\209tel,8.mod	1095	0	0	0	798172006	1256683	137577599	00000082
{app}\modules\221tel,2.mod	1096	0	0	0	799428689	703472	137577599	00000082
{app}\modules\222tel,2.mod	1097	0	0	0	800132161	330929	137577599	00000082
{app}\modules\231tel,2.mod	1098	0	0	0	800463090	488557	137577599	00000082
{app}\modules\233tel,2.mod	1099	0	0	0	800951647	220897	137577599	00000082
{app}\modules\261tel,8.mod	1100	0	0	0	801172544	638617	137577599	00000082
{app}\modules\262tel,8.mod	1101	0	0	0	801811161	4243858	137577599	00000082
{app}\modules\298tel,7.mod	1102	0	0	0	806055019	1360931	137577599	00000082
{app}\modules\299tel,7.mod	1103	0	0	0	807415950	1406162	137577599	00000082
{app}\modules\301nar,8.mod	1104	0	0	0	808822112	4819804	137577599	00000082
{app}\modules\302nar,8.mod	1105	0	0	0	813641916	2595423	137577599	00000082
{app}\modules\303nar,8.mod	1106	0	0	0	816237339	4523011	137577599	00000082
{app}\modules\304nar,8.mod	1107	0	0	0	820760350	1084154	137577599	00000082
{app}\modules\305nar,8.mod	1108	0	0	0	821844504	1297744	137577599	00000082
{app}\modules\306nar,2.mod	1109	0	0	0	823142248	1776710	137577599	00000082
{app}\modules\307nar,8.mod	1110	0	0	0	824918958	466732	137577599	00000082
{app}\modules\350nar,8.mod	1111	0	0	0	825385690	514840	137577599	00000082
{app}\modules\351nar,8.mod	1112	0	0	0	825900530	2423792	137577599	00000082
{app}\modules\352nar,2.mod	1113	0	0	0	828324322	361144	137577599	00000082
{app}\modules\401dxn_dlg,2.erf	1114	0	0	0	828685466	357315	137577599	00000082
{app}\modules\402dxn,7.mod	1115	0	0	0	829042781	1619529	137577599	00000082
{app}\modules\403dxn,7.mod	1116	0	0	0	830662310	2598849	137577599	00000082
{app}\modules\410dxn,7.mod	1117	0	0	0	833261159	818826	137577599	00000082
{app}\modules\411dxn,7.mod	236	0	0	0	269170306	1539757	137577599	00000082
{app}\modules\501ond,3.mod	1118	0	0	0	834079985	978283	137577599	00000082
{app}\modules\502ond,7.mod	1119	0	0	0	835058268	2180063	137577599	00000082
{app}\modules\503ond,7.mod	1120	0	0	0	837238331	2407303	137577599	00000082
{app}\modules\504ond,7.mod	1121	0	0	0	839645634	1007462	137577599	00000082
{app}\modules\506ond,7.mod	1122	0	0	0	840653096	3167020	137577599	00000082
{app}\modules\511ond,2.mod	1123	0	0	0	843820116	422121	137577599	00000082
{app}\modules\512ond,7.mod	1124	0	0	0	844242237	1050915	137577599	00000082
{app}\modules\601dan,3.mod	1125	0	0	0	845293152	2427155	137577599	00000082
{app}\modules\602dan,7.mod	1126	0	0	0	847720307	2875690	137577599	00000082
{app}\modules\604dan,7.mod	1127	0	0	0	850595997	1075352	137577599	00000082
{app}\modules\605dan,7.mod	1128	0	0	0	851671349	1559480	137577599	00000082
{app}\modules\610dan,7.mod	1129	0	0	0	853230829	1721986	137577599	00000082
{app}\modules\650dan,3.mod	1130	0	0	0	854952815	1595415	137577599	00000082
{app}\modules\701kor,2.mod	1131	0	0	0	856548230	522612	137577599	00000082
{app}\modules\702kor_dlg,2.erf	1132	0	0	0	857070842	468345	137577599	00000082
{app}\modules\702kor_s,2.rim	1133	0	0	0	857539187	355433	137577599	00000082
{app}\modules\710kor,2.mod	1134	0	0	0	857894620	443038	137577599	00000082
{app}\modules\711kor,7.mod	1135	0	0	0	858337658	1519402	137577599	00000082
{app}\modules\851nih,2.mod	1136	0	0	0	859857060	782020	137577599	00000082
{app}\modules\852nih,7.mod	1137	0	0	0	860639080	694322	137577599	00000082
{app}\modules\901mal,2.mod	1138	0	0	0	861333402	381503	137577599	00000082
{app}\modules\902mal,7.mod	1139	0	0	0	861714905	745649	137577599	00000082
{app}\modules\903mal,2.mod	1140	0	0	0	862460554	790157	137577599	00000082
{app}\modules\904mal,7.mod	1141	0	0	0	863250711	826894	137577599	00000082
{app}\modules\905mal,2.mod	1142	0	0	0	864077605	160964	137577599	00000082
{app}\modules\906mal,7.mod	1143	0	0	0	864238569	592168	137577599	00000082
{app}\modules\907mal,7.mod	1144	0	0	0	864830737	1017745	137577599	00000082
{app}\modules\909mal,2.mod	1145	0	0	0	865848482	258278	137577599	00000082
{app}\modules\950cor,7.mod	1146	0	0	0	866106760	438454	137577599	00000082
{app}\override\kotor2logo,2.tga	1147	0	0	0	866545214	4194843	137577599	00000082
